DROP DATABASE if exists EKART;
CREATE DATABASE EKART;
USE  EKART;


CREATE TABLE EK_PRODUCT_CATEGORY( 
CATEGORY VARCHAR(50) NOT NULL, 
constraint EK_PROD_CATEGORY_PK primary key ( CATEGORY )
);

CREATE TABLE EK_SELLER(
	EMAIL_ID VARCHAR(50),
	NAME VARCHAR(50) NOT NULL,
	PASSWORD VARCHAR(70) NOT NULL,
	PHONE_NUMBER VARCHAR(10) NOT NULL UNIQUE,
	ADDRESS VARCHAR (500) NOT NULL,
	constraint EK_SELLER_EMAIL_ID_PK primary key ( EMAIL_ID )
);

CREATE TABLE EK_PRODUCT(
	PRODUCT_ID INT auto_increment,
	NAME VARCHAR(500) NOT NULL,
	DESCRIPTION VARCHAR(1000) NOT NULL,
	CATEGORY VARCHAR(200) NOT NULL,
	BRAND VARCHAR(250) NOT NULL,
	PRICE BIGINT NOT NULL,
	DISCOUNT DECIMAL(5,2) NOT NULL,
	QUANTITY SMALLINT NOT NULL,
    SELLER_EMAIL_ID VARCHAR(50),
	constraint EK_PRODUCT_ID_PK primary key ( PRODUCT_ID )
);

CREATE TABLE EK_CUSTOMER(
	EMAIL_ID VARCHAR(50),
	NAME VARCHAR(50) NOT NULL,
	PASSWORD VARCHAR(70) NOT NULL,
	PHONE_NUMBER VARCHAR(10) NOT NULL UNIQUE,
	constraint EK_CUSTOMER_EMAIL_ID_PK primary key ( EMAIL_ID )
);

CREATE TABLE EK_CUSTOMER_ADDRESS (
	ADDRESS_ID INT  NOT NULL auto_increment,
	CONTACT_NUMBER VARCHAR(10) NOT NULL,
	LINE_1 VARCHAR (500) NOT NULL,
	LINE_2 VARCHAR (500),
	CITY VARCHAR(50) NOT NULL,
	STATE VARCHAR(50) NOT NULL,
	PIN VARCHAR(10) NOT NULL,
        CUSTOMER_EMAIL_ID VARCHAR(50),
	constraint EK_ADDRESS_ID_PK primary key ( ADDRESS_ID )
);

CREATE TABLE EK_CUSTOMER_CART (
	CART_ID INT auto_increment,
	PRODUCT_ID INT NOT NULL,
	QUANTITY SMALLINT,
    CUSTOMER_EMAIL_ID VARCHAR(50),
	constraint EK_CART_ID_PK primary key (CART_ID)
);

CREATE TABLE EK_ORDER (
	ORDER_ID BIGINT NOT NULL auto_increment,
	ORDER_NUMBER BIGINT NOT NULL,
	DATE_OF_ORDER DATETIME NOT NULL,
	PRODUCT_ID INT NOT NULL,
	QUANTITY SMALLINT NOT NULL,
	TOTAL_PRICE DECIMAL(12,2) NOT NULL,
	ADDRESS_ID INT NOT NULL,
	ORDER_STATUS VARCHAR(20) NOT NULL,
	PAYMENT_THROUGH VARCHAR(20) NOT NULL, 
	DATE_OF_DELIVERY DATETIME,
    CUSTOMER_EMAIL_ID VARCHAR(50),
	constraint EK_ORDER_ID_PK primary key (ORDER_ID)
);

CREATE TABLE EK_CARD( 
	CARD_ID INT auto_increment,
	CARD_TYPE VARCHAR(11) NOT NULL,
	CARD_NUMBER VARCHAR(16) NOT NULL,
	CVV VARCHAR(70) NOT NULL,
	EXPIRY_DATE DATETIME NOT NULL,
	NAME_ON_CARD VARCHAR(50) NOT NULL,
    CUSTOMER_EMAIL_ID VARCHAR(50),
	constraint EK_CARD_ID_PK primary key ( CARD_ID )
);

CREATE TABLE EK_RECOMMENDED_PRODUCT (
	RECOMMENDATION_ID BIGINT NOT NULL auto_increment,
	PRODUCT_ID INT  NOT NULL,
	RECOMMENDATION_TIMESTAMP DATETIME NOT NULL,
	RECOMMENDATION_STATUS VARCHAR(20) NOT NULL,
	SELLER_EMAIL_ID VARCHAR(50),
	constraint EK_RECMNDTION_ID_PK primary key (RECOMMENDATION_ID)
);

CREATE TABLE EK_DEALS_FOR_TODAY (
	DEAL_ID INT auto_increment,
	PRODUCT_ID INT NOT NULL,
	DEAL_DISCOUNT DECIMAL(4,2) NOT NULL,
	DEAL_STARTS_AT DATETIME NOT NULL,
	DEAL_ENDS_AT DATETIME NOT NULL,
    SELLER_EMAIL_ID VARCHAR(50),
	constraint EK_DEAL_ID_PK primary key (DEAL_ID)
);

CREATE TABLE EK_CUSTOMER_WISHLIST (
	WISHLIST_ID INT auto_increment,
	PRODUCT_ID INT NOT NULL,
	PRODUCT_ADDED_DATE DATETIME NOT NULL,
    CUSTOMER_EMAIL_ID VARCHAR(50),
	constraint EK_WISHLIST_ID_PKs primary key (WISHLIST_ID)
);

CREATE TABLE EXCHANGE_OFFERS(
	OFFER_ID INT auto_increment,
	PRODUCT_ID INT NOT NULL,
	OFFER_DISCOUNT DECIMAL(10,2) NOT NULL,
    SELLER_EMAIL_ID VARCHAR(50),
	constraint EK_OFFER_ID_PK primary key (OFFER_ID)
);

CREATE TABLE EK_PRODUCT_FEEDBACK( 
	FEEDBACK_ID INT auto_increment,
	PRODUCT_ID INT NOT NULL,
	CUSTOMER_EMAIL_ID VARCHAR(50)NOT NULL,
	PRODUCT_SATISFACTION SMALLINT NOT NULL,
	PRODUCT_DSCR_MATCH SMALLINT NOT NULL,
	PRODUCT_RECOMMENDATION SMALLINT NOT NULL,
	constraint EK_PROD_FEEDBACK_PK primary key ( FEEDBACK_ID )
);

CREATE TABLE EK_SELLER_FEEDBACK( 
	FEEDBACK_ID INT auto_increment,
	SELLER_EMAIL_ID VARCHAR(50) NOT NULL,
	CUSTOMER_EMAIL_ID VARCHAR(50) NOT NULL,
	PRODUCT_DELIVERY_SPEED SMALLINT NOT NULL,
	PRODUCT_CONDITION SMALLINT NOT NULL,
	PRODUCT_PACKAGING SMALLINT NOT NULL,
	constraint EK_SLR_FEEDBACK_PK primary key ( FEEDBACK_ID )
);

CREATE TABLE EK_FESTIVALS(
    FESTIVAL_ID INT NOT NULL auto_increment,
    FESTIVAL_NAME VARCHAR(50) NOT NULL,
    FESTIVAL_STARTS_AT DATETIME NOT NULL,
	FESTIVAL_ENDS_AT DATETIME NOT NULL,
    constraint EKart_FESTIVAL_ID_PK primary key (FESTIVAL_ID)
);

CREATE TABLE EK_FESTIVALS_OFFERS (
    FESTIVAL_OFFER_ID Int auto_increment,
    SELLER_EMAIL_ID VARCHAR(50),
	FESTIVAL_ID INT NOT NULL,
	PRODUCT_ID INT NOT NULL,
	FESTIVAL_DISCOUNT DECIMAL(4,2) NOT NULL,
	OFFER_STATUS VARCHAR(8) NOT NULL,
	constraint EKart_FESTIVALS_OFFERS_PK primary key (FESTIVAL_OFFER_ID)
);

CREATE TABLE EK_COMING_SOON_PRODUCT
(
	COMING_SOON_PRODUCT_ID BIGINT,
	ADVANCE_BOOKING_STOCK BIGINT NOT NULL,
	BRAND VARCHAR(64) NOT NULL,
	CATEGORY VARCHAR(64) NOT NULL,
	DESCRIPTION VARCHAR(256) NOT NULL,
	PRE_RELEASE_DISCOUNT SMALLINT NOT NULL,
	PRICE BIGINT NOT NULL,
	PRODUCT_NAME VARCHAR(128) NOT NULL,
	RELEASE_DATE DATETIME NOT NULL,
	RELEASE_STATUS VARCHAR(10) NOT NULL,
	SELLER_EMAIL_ID VARCHAR(50),
	CONSTRAINT EK_COMING_SOON_PRODUCT_ID_PK PRIMARY KEY (COMING_SOON_PRODUCT_ID)
);

CREATE TABLE EK_ADVANCE_BOOKING
(
	BOOKING_ID BIGINT NOT NULL,
	BOOKING_DATE DATETIME NOT NULL,
	BOOKING_QUANTITY BIGINT NOT NULL,
	BOOKING_STATUS VARCHAR(9) NOT NULL,
	COMING_SOON_PRODUCT_ID BIGINT NOT NULL,
	CUSTOMER_EMAIL_ID VARCHAR(50),
	CONSTRAINT EK_ADVANCE_BOOKING_ID_PK PRIMARY KEY (BOOKING_ID)
);



ALTER TABLE EK_PRODUCT ADD CONSTRAINT EK_PRODUCT_CATEGORY_FK FOREIGN KEY ( CATEGORY ) REFERENCES EK_PRODUCT_CATEGORY( CATEGORY );
ALTER TABLE EK_PRODUCT ADD CONSTRAINT EK_SELLER_EMAIL_ID_FK FOREIGN KEY ( SELLER_EMAIL_ID ) REFERENCES EK_SELLER( EMAIL_ID );
ALTER TABLE EK_CUSTOMER_ADDRESS ADD CONSTRAINT EK_CUST_ADRS_EMAIL_FK FOREIGN KEY ( CUSTOMER_EMAIL_ID ) REFERENCES EK_CUSTOMER( EMAIL_ID );

ALTER TABLE EK_ORDER ADD CONSTRAINT EK_ORD_PRODUCT_ID_FK FOREIGN KEY ( PRODUCT_ID ) REFERENCES EK_PRODUCT( PRODUCT_ID );
ALTER TABLE EK_ORDER ADD CONSTRAINT EK_ADDRESS_ID_FK FOREIGN KEY ( ADDRESS_ID ) REFERENCES EK_CUSTOMER_ADDRESS( ADDRESS_ID );
ALTER TABLE EK_ORDER ADD CONSTRAINT EK_ORD_ORDER_STATUS_CHK CHECK (ORDER_STATUS IN ('PLACED', 'CONFIRMED', 'DISPATCHED', 'IN_TRANSIT', 'OUT_FOR_DELIVERY', 'DELIVERED', 'CANCELLED', 'RETURNED'));
ALTER TABLE EK_ORDER ADD CONSTRAINT EK_ORD_PAYMENT_THROUGH_CHK CHECK (PAYMENT_THROUGH IN ('DEBIT_CARD', 'CREDIT_CARD', 'CASH_ON_DELIVERY'));
ALTER TABLE EK_ORDER ADD CONSTRAINT EK_CUST_ORDER_MAPP_EMAIL_ID_FK FOREIGN KEY ( CUSTOMER_EMAIL_ID ) REFERENCES EK_CUSTOMER( EMAIL_ID );

ALTER TABLE EK_CUSTOMER_CART ADD CONSTRAINT EK_CART_PRODUCT_ID_FK FOREIGN KEY ( PRODUCT_ID ) REFERENCES EK_PRODUCT( PRODUCT_ID );
ALTER TABLE EK_CUSTOMER_CART ADD CONSTRAINT EK_CUST_CARD_EMAIL_FK FOREIGN KEY ( CUSTOMER_EMAIL_ID ) REFERENCES EK_CUSTOMER( EMAIL_ID );

ALTER TABLE EK_CARD ADD CONSTRAINT EK_CARD_TYPE_CK CHECK (CARD_TYPE in ('DEBIT_CARD','CREDIT_CARD'));
ALTER TABLE EK_CARD ADD CONSTRAINT EK_CUST_CARD_EMAIL_ID_FK FOREIGN KEY ( CUSTOMER_EMAIL_ID ) REFERENCES EK_CUSTOMER( EMAIL_ID );

ALTER TABLE EK_RECOMMENDED_PRODUCT ADD CONSTRAINT EK_RECMNDTION_PRODUCT_ID_FK FOREIGN KEY ( PRODUCT_ID ) REFERENCES EK_PRODUCT( PRODUCT_ID );
ALTER TABLE EK_RECOMMENDED_PRODUCT ADD CONSTRAINT EK_RECMNDTION_STATUS_CHK CHECK (RECOMMENDATION_STATUS IN ('ACTIVE','INACTIVE'));
ALTER TABLE EK_RECOMMENDED_PRODUCT ADD CONSTRAINT EK_SLLR_PROD_RECMND_EMAIL_FK FOREIGN KEY ( SELLER_EMAIL_ID ) REFERENCES EK_SELLER( EMAIL_ID );

ALTER TABLE EK_DEALS_FOR_TODAY ADD CONSTRAINT EK_DEALS_FOR_TODAY_PROD_ID_FK FOREIGN KEY ( PRODUCT_ID ) REFERENCES EK_PRODUCT( PRODUCT_ID );
ALTER TABLE EK_DEALS_FOR_TODAY ADD CONSTRAINT EK_SELLER_DEALS_EMAIL_FK FOREIGN KEY ( SELLER_EMAIL_ID ) REFERENCES EK_SELLER( EMAIL_ID );


ALTER TABLE EK_CUSTOMER_WISHLIST ADD CONSTRAINT EK_CUSTOMER_WISHLIST_ID_FK FOREIGN KEY ( PRODUCT_ID ) REFERENCES EK_PRODUCT( PRODUCT_ID );
ALTER TABLE EK_CUSTOMER_WISHLIST ADD CONSTRAINT EK_CUST_WSHLST_MAPP_EMAIL_FK FOREIGN KEY ( CUSTOMER_EMAIL_ID ) REFERENCES EK_CUSTOMER( EMAIL_ID );
ALTER TABLE EXCHANGE_OFFERS ADD CONSTRAINT EK_PRODUCT_ID_FK FOREIGN KEY ( PRODUCT_ID ) REFERENCES EK_PRODUCT( PRODUCT_ID );
ALTER TABLE EXCHANGE_OFFERS ADD CONSTRAINT EK_SELLER_ID_FK FOREIGN KEY ( SELLER_EMAIL_ID ) REFERENCES EK_SELLER( EMAIL_ID );
ALTER TABLE EK_PRODUCT_FEEDBACK ADD CONSTRAINT EK_PFEEDBACK_PID_FK FOREIGN KEY ( PRODUCT_ID ) REFERENCES EK_PRODUCT( PRODUCT_ID );
ALTER TABLE EK_PRODUCT_FEEDBACK ADD CONSTRAINT EK_PFEEDBACK_CID_FK FOREIGN KEY ( CUSTOMER_EMAIL_ID ) REFERENCES EK_CUSTOMER( EMAIL_ID );


ALTER TABLE EK_SELLER_FEEDBACK ADD CONSTRAINT EK_SLR_EEDBACK_SID_FK FOREIGN KEY ( SELLER_EMAIL_ID ) REFERENCES EK_SELLER( EMAIL_ID );
ALTER TABLE EK_SELLER_FEEDBACK ADD CONSTRAINT EK_SLR_EEDBACK_CID_FK FOREIGN KEY ( CUSTOMER_EMAIL_ID ) REFERENCES EK_CUSTOMER( EMAIL_ID );

ALTER TABLE EK_Festivals_Offers ADD CONSTRAINT EK_Festivals_Offers_FES_ID_FK FOREIGN KEY (FESTIVAL_ID) REFERENCES EK_FESTIVALS(FESTIVAL_ID);
ALTER TABLE EK_Festivals_Offers ADD CONSTRAINT EK_Festivals_Offers_PROD_ID_FK FOREIGN KEY (PRODUCT_ID) REFERENCES EK_PRODUCT(PRODUCT_ID);
ALTER TABLE EK_Festivals_Offers ADD CONSTRAINT EK_Festivals_Offers_SELL_ID_FK FOREIGN KEY (SELLER_EMAIL_ID ) REFERENCES EK_SELLER(EMAIL_ID);

ALTER TABLE EK_COMING_SOON_PRODUCT ADD CONSTRAINT EK_COMING_SOON_PRODUCT_ID CHECK (COMING_SOON_PRODUCT_ID BETWEEN 1 AND 1999999999);
ALTER TABLE EK_COMING_SOON_PRODUCT ADD CONSTRAINT EK_ADVANCE_BOOKING_STOCK_CHECK CHECK (ADVANCE_BOOKING_STOCK BETWEEN 0 AND 1999999999);
ALTER TABLE EK_COMING_SOON_PRODUCT ADD CONSTRAINT EK_CSP_CATEGORY_FK FOREIGN KEY (CATEGORY) REFERENCES EK_PRODUCT_CATEGORY (CATEGORY);
ALTER TABLE EK_COMING_SOON_PRODUCT ADD CONSTRAINT EK_PRE_RELEASE_DISCOUNT_CHECK CHECK (PRE_RELEASE_DISCOUNT BETWEEN 0 AND 99);
ALTER TABLE EK_COMING_SOON_PRODUCT ADD CONSTRAINT EK_CSP_PRICE_CHECK CHECK (PRICE BETWEEN 1 AND 1999999999);
ALTER TABLE EK_COMING_SOON_PRODUCT ADD CONSTRAINT EK_CSP_RELEASE_STATUS_CHECK CHECK (RELEASE_STATUS IN ('RELEASED', 'UNRELEASED'));

ALTER TABLE EK_ADVANCE_BOOKING ADD CONSTRAINT EK_ADVANCE_BOOKING_ID_CHECK CHECK (BOOKING_ID BETWEEN 1 and 1999999999);
ALTER TABLE EK_ADVANCE_BOOKING ADD CONSTRAINT EK_ADVANCE_BOOKING_QTY_CHECK CHECK (BOOKING_QUANTITY BETWEEN 1 and 1999999999);
ALTER TABLE EK_ADVANCE_BOOKING ADD CONSTRAINT EK_ADVANCE_BOOKING_CSP_ID_FK FOREIGN KEY (COMING_SOON_PRODUCT_ID) REFERENCES EK_COMING_SOON_PRODUCT (COMING_SOON_PRODUCT_ID);
ALTER TABLE EK_ADVANCE_BOOKING ADD CONSTRAINT EK_ADVANCE_BOOKING_STATUS_CHEK CHECK (BOOKING_STATUS IN ('BOOKED', 'CANCELLED'));


INSERT INTO EK_PRODUCT_CATEGORY (CATEGORY) VALUES ('Electronics - Mobile');
INSERT INTO EK_PRODUCT_CATEGORY (CATEGORY) VALUES ('Electronics - Laptop');
INSERT INTO EK_PRODUCT_CATEGORY (CATEGORY) VALUES ('Electronics - Desktop');
INSERT INTO EK_PRODUCT_CATEGORY (CATEGORY) VALUES ('Electronics - Camera');
INSERT INTO EK_PRODUCT_CATEGORY (CATEGORY) VALUES ('Electronics - Other Appliances');
INSERT INTO EK_PRODUCT_CATEGORY (CATEGORY) VALUES ('Clothing - Men');
INSERT INTO EK_PRODUCT_CATEGORY (CATEGORY) VALUES ('Clothing - Women');
INSERT INTO EK_PRODUCT_CATEGORY (CATEGORY) VALUES ('Clothing - Kids');
INSERT INTO EK_PRODUCT_CATEGORY (CATEGORY) VALUES ('Sports');
INSERT INTO EK_PRODUCT_CATEGORY (CATEGORY) VALUES ('Home - Kitchen');
INSERT INTO EK_PRODUCT_CATEGORY (CATEGORY) VALUES ('Home - Furniture');
INSERT INTO EK_PRODUCT_CATEGORY (CATEGORY) VALUES ('Home - Decor');


INSERT INTO EK_SELLER (EMAIL_ID, NAME, PASSWORD, PHONE_NUMBER, ADDRESS) VALUES ('jack@infosys.com', 'Jack', '29409af3b6b7ca673ffd6b4407741e095c741aa28d2c55c65449e460c051c01d', '7614162396', 'Ist Main, Building No.3, Park Square, Salem, US');
-- Password: Jack@123
INSERT INTO EK_SELLER (EMAIL_ID, NAME, PASSWORD, PHONE_NUMBER, ADDRESS) VALUES ('mark@infosys.com', 'Mark', 'efcc208a69699ee07c4e10c60aeab62e1ef397b905df4cab1c745ade3a865857', '7823166341', '2nd Main, Building No.4, Cloud Gate , Chicago, US');
-- Password: Mark@123
INSERT INTO EK_SELLER (EMAIL_ID, NAME, PASSWORD, PHONE_NUMBER, ADDRESS) VALUES ('ken@infosys.com', 'Ken', 'e8aafa701e18865fdab69020f12ab4bf3804fd81d237f9920c85ae9e6aee30fa', '8785103501', '3rd Main, 11th Floor, Empire State Building, NYC, US');
-- Password: Ken@123
INSERT INTO EK_SELLER (EMAIL_ID, NAME, PASSWORD, PHONE_NUMBER, ADDRESS) VALUES ('brad@infosys.com', 'Brad', '4c2b165090cce7bf76ed5cec089d9435a2086c6d9618f58e6b601c9efd41f2b8', '8106119208', 'Ist Main, Building No.3, Beacon Hill, Boston, US');
-- Password: Brad@123
INSERT INTO EK_SELLER (EMAIL_ID, NAME, PASSWORD, PHONE_NUMBER, ADDRESS) VALUES ('peter@infosys.com', 'Peter', 'be680c9cf6f35656ba7df2c01fd1b3d26adf173c7e40dcc0ad0ca116bdb5166b', '7908161373', 'Ist Main, Building No.3, Jackson Square, New Orleans, US');
-- Password: Peter@123
INSERT INTO EK_SELLER (EMAIL_ID, NAME, PASSWORD, PHONE_NUMBER, ADDRESS) VALUES ('robert@infosys.com', 'Robert', 'd47f273bec5beb4df15e90cf22446f91671a3ed1910256295f9f4a80c4e8f138', '7061189374', '2nd Main, Building No.4, Park Square, Salem, US');
-- Password: Robert@123
INSERT INTO EK_SELLER (EMAIL_ID, NAME, PASSWORD, PHONE_NUMBER, ADDRESS) VALUES ('david@infosys.com', 'David', '011f43602454216a9788b99e03e2bde8eae0a97e5b760507c8402bdd78b6f10d', '7422132861', 'Ist Main, Floor No.3, Capitol Building, Los Angeles, US');
-- Password: David@123
INSERT INTO EK_SELLER (EMAIL_ID, NAME, PASSWORD, PHONE_NUMBER, ADDRESS) VALUES ('charles@infosys.com', 'Charles', 'c4acb504a8976cee6851e062550aa540a7ac48c533e27ded758d4e46c38ad0c7', '7299115216', '4th Main, Floor No.3, Startosphere Tower, Las Vegas, US');
-- Password: Charles@123

INSERT INTO EK_PRODUCT (PRODUCT_ID, NAME, DESCRIPTION, CATEGORY, BRAND, PRICE, DISCOUNT, QUANTITY, SELLER_EMAIL_ID) VALUES (1000,'Bot E5s Plus','Smart phone with (13+13)MP rear camera and 8MP front camera, 4GB RAM and 64GB ROM,5.5 inch FHD display, Snapdrag 625 processor', 'Electronics - Mobile', 'Motobot', 16000, 5, 150, 'jack@infosys.com');
INSERT INTO EK_PRODUCT (PRODUCT_ID, NAME, DESCRIPTION, CATEGORY, BRAND, PRICE, DISCOUNT, QUANTITY, SELLER_EMAIL_ID) VALUES (1001,'Xpress','Smart phone with (13+13)MP rear camera and 8MP front camera, 4GB RAM and 64GB ROM,5.5 inch FHD display, Snapdrag 625 processor', 'Electronics - Mobile', 'Motobot', 16000, 5, 150, 'jack@infosys.com');
INSERT INTO EK_PRODUCT (PRODUCT_ID, NAME, DESCRIPTION, CATEGORY, BRAND, PRICE, DISCOUNT, QUANTITY, SELLER_EMAIL_ID) VALUES (1002,'Xpress Plus','Smart phone with 18MP rear camera and 16MP front camera, 4GB RAM and 32GB ROM,5 inch FHD display, MediTek T1009 processor', 'Electronics - Mobile', 'Motobot', 15000, 5, 150, 'jack@infosys.com');
INSERT INTO EK_PRODUCT (PRODUCT_ID, NAME, DESCRIPTION, CATEGORY, BRAND, PRICE, DISCOUNT, QUANTITY, SELLER_EMAIL_ID) VALUES (1003,'Dzire','Smart phone with 16MP rear camera and 8MP front camera, 2GB RAM and 16GB ROM,5 inch FHD display, Hi-Tech processor', 'Electronics - Mobile', 'SangSung', 12000, 5, 250, 'jack@infosys.com');
INSERT INTO EK_PRODUCT (PRODUCT_ID, NAME, DESCRIPTION, CATEGORY, BRAND, PRICE, DISCOUNT, QUANTITY, SELLER_EMAIL_ID) VALUES (1004,'Dzire Plus','Smart phone with 16MP rear camera and 8MP front camera, 6GB RAM and 32GB ROM,5.5 inch FHD display, Hi-Tech processor', 'Electronics - Mobile', 'SangSung', 15000, 7, 100, 'jack@infosys.com');
INSERT INTO EK_PRODUCT (PRODUCT_ID, NAME, DESCRIPTION, CATEGORY, BRAND, PRICE, DISCOUNT, QUANTITY, SELLER_EMAIL_ID) VALUES (1005,'Xpress Music-360','Smart phone with 16MP rear camera and 8MP front camera, 2GB RAM and 16GB ROM,5 inch FHD display, DA sound', 'Electronics - Mobile', 'Technotron', 10000, 5, 150, 'jack@infosys.com');
INSERT INTO EK_PRODUCT (PRODUCT_ID, NAME, DESCRIPTION, CATEGORY, BRAND, PRICE, DISCOUNT, QUANTITY, SELLER_EMAIL_ID) VALUES (1006,'CamBot','Basic phone with 26MP rear camera and 16MP front camera, 2GB RAM and 16GB ROM,4.5 inch HD display, OxiTech Processor', 'Electronics - Mobile', 'Technotron', 5000, 5, 250, 'jack@infosys.com');
INSERT INTO EK_PRODUCT (PRODUCT_ID, NAME, DESCRIPTION, CATEGORY, BRAND, PRICE, DISCOUNT, QUANTITY, SELLER_EMAIL_ID) VALUES (1007,'Cambot Plus','Smart phone with 26MP rear camera and 16MP front camera, 4GB RAM and 32GB ROM,4.5 inch HD display, OxiTech Processor', 'Electronics - Mobile', 'Technotron', 8000, 5, 250, 'jack@infosys.com');
INSERT INTO EK_PRODUCT (PRODUCT_ID, NAME, DESCRIPTION, CATEGORY, BRAND, PRICE, DISCOUNT, QUANTITY, SELLER_EMAIL_ID) VALUES (1008,'Impulse S','Smart phone with 16MP rear camera and 8MP front camera, 4GB RAM and 32GB ROM,5.5 inch FHD display, OxiTech Processor', 'Electronics - Mobile', 'Micron', 18000, 5, 250, 'jack@infosys.com');
INSERT INTO EK_PRODUCT (PRODUCT_ID, NAME, DESCRIPTION, CATEGORY, BRAND, PRICE, DISCOUNT, QUANTITY, SELLER_EMAIL_ID) VALUES (1009,'Impulse S Plus','Smart phone with 18MP rear camera and 16MP front camera, 4GB RAM and 32GB ROM,5.5 inch FHD display, OxiTech Processor', 'Electronics - Mobile', 'Micron', 22000, 5, 250, 'jack@infosys.com');
INSERT INTO EK_PRODUCT (PRODUCT_ID, NAME, DESCRIPTION, CATEGORY, BRAND, PRICE, DISCOUNT, QUANTITY, SELLER_EMAIL_ID) VALUES (1010,'Frost LP 6677','14-inch FHD display, Core-i3 5th Gn processor, 4GB RAM, 500GB HDD', 'Electronics - Laptop', 'CorpTech', 28000, 5, 150, 'mark@infosys.com');
INSERT INTO EK_PRODUCT (PRODUCT_ID, NAME, DESCRIPTION, CATEGORY, BRAND, PRICE, DISCOUNT, QUANTITY, SELLER_EMAIL_ID) VALUES (1011,'Inspire LP N5577','15.6-inch UHD display, Core-i5 8th Gn processor, 8GB RAM, 1TB HDD, Finger Print Unlock ', 'Electronics - Laptop', 'CorpTech', 59000, 5, 150, 'mark@infosys.com');
INSERT INTO EK_PRODUCT (PRODUCT_ID, NAME, DESCRIPTION, CATEGORY, BRAND, PRICE, DISCOUNT, QUANTITY, SELLER_EMAIL_ID) VALUES (1012,'NoteBook LP 8800','14-inch FHD display, Core-i3 7th Gen processor, 4GB RAM, 500GB HDD', 'Electronics - Laptop', 'Itronics', 38000, 5, 150, 'mark@infosys.com');
INSERT INTO EK_PRODUCT (PRODUCT_ID, NAME, DESCRIPTION, CATEGORY, BRAND, PRICE, DISCOUNT, QUANTITY, SELLER_EMAIL_ID) VALUES (1013,'AWare LP 3636','17-inch UHD display,Core i7-7th Gen, 16GB RAm and 2TB HHDD', 'Electronics - Laptop', 'AW', 75000, 5, 150, 'mark@infosys.com');
INSERT INTO EK_PRODUCT (PRODUCT_ID, NAME, DESCRIPTION, CATEGORY, BRAND, PRICE, DISCOUNT, QUANTITY, SELLER_EMAIL_ID) VALUES (1014,'Longitude LP E7440','15-inch FHD display, Core-i5 7th Gen processor, 8GB RAM, 750GB HDD', 'Electronics - Laptop', 'Lap+', 50000, 5, 450, 'mark@infosys.com');
INSERT INTO EK_PRODUCT (PRODUCT_ID, NAME, DESCRIPTION, CATEGORY, BRAND, PRICE, DISCOUNT, QUANTITY, SELLER_EMAIL_ID) VALUES (1015,'ThinkStation LP 7000','14-inch FHD display, Core-2 duo processor, 4GB RAM, 500GB HDD', 'Electronics - Laptop', 'Thinkpad', 35000, 5, 150, 'mark@infosys.com');
INSERT INTO EK_PRODUCT (PRODUCT_ID, NAME, DESCRIPTION, CATEGORY, BRAND, PRICE, DISCOUNT, QUANTITY, SELLER_EMAIL_ID) VALUES (1016,'IdeaStation LP 8090','14-inch FHD display, Core-i3 5th Gen processor, 4GB RAM, 750GB HDD', 'Electronics - Laptop', 'Ideapad', 50000, 5, 150, 'mark@infosys.com');
INSERT INTO EK_PRODUCT (PRODUCT_ID, NAME, DESCRIPTION, CATEGORY, BRAND, PRICE, DISCOUNT, QUANTITY, SELLER_EMAIL_ID) VALUES (1017,'MaxBook Base','14-inch FHD display, I+ processor, 4GB RAM, 500GB HDD', 'Electronics - Laptop', 'Max+', 50000, 5, 150, 'mark@infosys.com');
INSERT INTO EK_PRODUCT (PRODUCT_ID, NAME, DESCRIPTION, CATEGORY, BRAND, PRICE, DISCOUNT, QUANTITY, SELLER_EMAIL_ID) VALUES (1018,'MaxBook Air','14-inch FHD display, I++ processor, 4GB RAM, 650GB HDD', 'Electronics - Laptop', 'Max+', 70000, 3, 250, 'mark@infosys.com');
INSERT INTO EK_PRODUCT (PRODUCT_ID, NAME, DESCRIPTION, CATEGORY, BRAND, PRICE, DISCOUNT, QUANTITY, SELLER_EMAIL_ID) VALUES (1019,'MaxBook Pro','17-inch UHD display, I++ duo processor, 16GB RAM, 500GB SSD', 'Electronics - Laptop', 'Max+', 155000, 5, 150, 'ken@infosys.com');
INSERT INTO EK_PRODUCT (PRODUCT_ID, NAME, DESCRIPTION, CATEGORY, BRAND, PRICE, DISCOUNT, QUANTITY, SELLER_EMAIL_ID) VALUES (1020,'Corsair DSKTP 1919','All In One Desktop C2000(F0BB00YDIN,CPU J3060/4GB/1TB/19.5"LED/Dos)', 'Electronics - Desktop', 'Corsair', 25000, 5, 150, 'ken@infosys.com');
INSERT INTO EK_PRODUCT (PRODUCT_ID, NAME, DESCRIPTION, CATEGORY, BRAND, PRICE, DISCOUNT, QUANTITY, SELLER_EMAIL_ID) VALUES (1021,'Corsair DSKTP 2020 PRO','20-c103in 19.45-inch All-in-One Desktop (Celeron J3060/4GB/500GB/Windows 10/Integrated Graphics), Black', 'Electronics - Desktop', 'Corsair', 35000, 5, 150, 'ken@infosys.com');
INSERT INTO EK_PRODUCT (PRODUCT_ID, NAME, DESCRIPTION, CATEGORY, BRAND, PRICE, DISCOUNT, QUANTITY, SELLER_EMAIL_ID) VALUES (1022,'Precision DSKTP 2323','Pentium Quad Core/4 GB DDR3/1 TB/Free DOS - Black, 19.5 Inch Screen', 'Electronics - Desktop', 'Precision', 45000, 5, 15, 'ken@infosys.com');
INSERT INTO EK_PRODUCT (PRODUCT_ID, NAME, DESCRIPTION, CATEGORY, BRAND, PRICE, DISCOUNT, QUANTITY, SELLER_EMAIL_ID) VALUES (1023,'Neuron DSKTP','Core i3-6th Gen/4 GB DDR 4/1 TB/Windows 10 Home-Black, 34.2 cm x 48.6 cm x 4.8 cm, 3.5 kg, 19.5 Inch Screen', 'Electronics - Desktop', 'Neuron', 35000, 5, 150, 'ken@infosys.com');
INSERT INTO EK_PRODUCT (PRODUCT_ID, NAME, DESCRIPTION, CATEGORY, BRAND, PRICE, DISCOUNT, QUANTITY, SELLER_EMAIL_ID) VALUES (1024,'Neuron Xtreme DSKTP','Pentium Quad Core/4 GB DDR3/500 GB/Ubuntu - Black, 19.5 Inch Screen', 'Electronics - Desktop', 'Neuron', 32000, 5, 150, 'ken@infosys.com');
INSERT INTO EK_PRODUCT (PRODUCT_ID, NAME, DESCRIPTION, CATEGORY, BRAND, PRICE, DISCOUNT, QUANTITY, SELLER_EMAIL_ID) VALUES (1025,'Surface DSKTP','NVD Tegra Quad Core/ 1GB/ Android 4.2/353.8 mm x 530.9 mm x 67 mm, 4.85 kg, 54.61 Inch Screen', 'Electronics - Desktop', 'Macrosoft', 55000, 5, 150, 'ken@infosys.com');
INSERT INTO EK_PRODUCT (PRODUCT_ID, NAME, DESCRIPTION, CATEGORY, BRAND, PRICE, DISCOUNT, QUANTITY, SELLER_EMAIL_ID) VALUES (1026,'Surface Pro DSKTP','NVD Tegra Quad Core/ 1GB/ Android 4.2/Touch 353.8 mm x 530.9 mm x 67 mm, 4.85 kg, 54.61 Inch Screen', 'Electronics - Desktop', 'Macrosoft', 75000, 5, 8, 'ken@infosys.com');
INSERT INTO EK_PRODUCT (PRODUCT_ID, NAME, DESCRIPTION, CATEGORY, BRAND, PRICE, DISCOUNT, QUANTITY, SELLER_EMAIL_ID) VALUES (1027,'Raptor Neon DSKTP','Core i5 (6th Gen)/4 GB DDR3/1 TB/Windows 10 Home - White, 23.8 Inch Screen', 'Electronics - Desktop', 'Raptor', 55000, 5, 2, 'ken@infosys.com');
INSERT INTO EK_PRODUCT (PRODUCT_ID, NAME, DESCRIPTION, CATEGORY, BRAND, PRICE, DISCOUNT, QUANTITY, SELLER_EMAIL_ID) VALUES (1028,'Canyon JetCam',' DSLR Camera Body with Single Lens: EF-S 18-55 IS II ', 'Electronics - Camera', 'Canyon', 50000, 5, 150, 'brad@infosys.com');
INSERT INTO EK_PRODUCT (PRODUCT_ID, NAME, DESCRIPTION, CATEGORY, BRAND, PRICE, DISCOUNT, QUANTITY, SELLER_EMAIL_ID) VALUES (1029,'Canyon Clix','DSLR Camera Body with Dual Lens: AF-P DX NIKKOR 18 - 55 mm f/3.5 - 5.6G VR + AF-P DX NIKKOR 70 - 300 mm f/4.5 - 6.3G ED VR 16 GB SD Card', 'Electronics - Camera', 'Canyon', 65000, 5, 150, 'brad@infosys.com');
INSERT INTO EK_PRODUCT (PRODUCT_ID, NAME, DESCRIPTION, CATEGORY, BRAND, PRICE, DISCOUNT, QUANTITY, SELLER_EMAIL_ID) VALUES (1030,'Canyon clix Plus','DSLR Camera Body with Single Lens: AF-P DX NIKKOR 18-55 mm f/3.5-5.6G VR Kit ', 'Electronics - Camera', 'Canyon', 75000, 5, 150, 'brad@infosys.com');
INSERT INTO EK_PRODUCT (PRODUCT_ID, NAME, DESCRIPTION, CATEGORY, BRAND, PRICE, DISCOUNT, QUANTITY, SELLER_EMAIL_ID) VALUES (1031,'Nixon TrueLife','700D DSLR Camera Body with Dual Lens: EF S18 - 55 mm IS II and EF S55 - 250 mm IS II ', 'Electronics - Camera', 'Nixon', 45000, 5, 150, 'brad@infosys.com');
INSERT INTO EK_PRODUCT (PRODUCT_ID, NAME, DESCRIPTION, CATEGORY, BRAND, PRICE, DISCOUNT, QUANTITY, SELLER_EMAIL_ID) VALUES (1032,'Nixon Shot','DSLR Camera Body with Single Lens: AF-P DX', 'Electronics - Camera', 'Nixon', 52000, 5, 150, 'brad@infosys.com');
INSERT INTO EK_PRODUCT (PRODUCT_ID, NAME, DESCRIPTION, CATEGORY, BRAND, PRICE, DISCOUNT, QUANTITY, SELLER_EMAIL_ID) VALUES (1033,'Nixon ProCam','DSLR Camera Body with Single Lens: EF S18-55 IS STM', 'Electronics - Camera', 'Nixon', 56000, 5, 150, 'brad@infosys.com');
INSERT INTO EK_PRODUCT (PRODUCT_ID, NAME, DESCRIPTION, CATEGORY, BRAND, PRICE, DISCOUNT, QUANTITY, SELLER_EMAIL_ID) VALUES (1034,'DigiFilm InFocus','DSLR Camera Body with Lens: AF-P 18-55mm VR + AF-P DX', 'Electronics - Camera', 'DigiFilm', 35000, 5, 150, 'brad@infosys.com');
INSERT INTO EK_PRODUCT (PRODUCT_ID, NAME, DESCRIPTION, CATEGORY, BRAND, PRICE, DISCOUNT, QUANTITY, SELLER_EMAIL_ID) VALUES (1035,'DigiFilm Njoy','DSLR Camera Body with AF-S DX NIK 18-105 mm F/3.5-5.6 G ED VR', 'Electronics - Camera', 'DigiFilm', 45000, 5, 150, 'brad@infosys.com');
INSERT INTO EK_PRODUCT (PRODUCT_ID, NAME, DESCRIPTION, CATEGORY, BRAND, PRICE, DISCOUNT, QUANTITY, SELLER_EMAIL_ID) VALUES (1036,'DigiFilm Cynosure','77D DSLR Camera Body with Single Lens: EF-S18-135 IS USM', 'Electronics - Camera', 'DigiFilm', 43000, 5, 150, 'brad@infosys.com');
INSERT INTO EK_PRODUCT (PRODUCT_ID, NAME, DESCRIPTION, CATEGORY, BRAND, PRICE, DISCOUNT, QUANTITY, SELLER_EMAIL_ID) VALUES (1037,'DigiFilm Roll','DSLR Camera Body with Dual Lens: AF-P DX Nikkor 18 - 55 MM F/3.5-5.6G VR and 70-300 MM F/4.5-6.3G ED VR', 'Electronics - Camera', 'DigiFilm', 35000, 5, 150, 'peter@infosys.com');
INSERT INTO EK_PRODUCT (PRODUCT_ID, NAME, DESCRIPTION, CATEGORY, BRAND, PRICE, DISCOUNT, QUANTITY, SELLER_EMAIL_ID) VALUES (1038,'GoodLife Iron-Box','Adjustable thermostat control - Shock-proof plastic body - Non-stick sole plate', 'Electronics - Other Appliances', 'GoodLife', 5000, 5, 150, 'peter@infosys.com');
INSERT INTO EK_PRODUCT (PRODUCT_ID, NAME, DESCRIPTION, CATEGORY, BRAND, PRICE, DISCOUNT, QUANTITY, SELLER_EMAIL_ID) VALUES (1039,'GoodLife Microwave Oven','Convection Microwave Oven - Black', 'Electronics - Other Appliances', 'GoodLife', 5000, 5, 150, 'peter@infosys.com');
INSERT INTO EK_PRODUCT (PRODUCT_ID, NAME, DESCRIPTION, CATEGORY, BRAND, PRICE, DISCOUNT, QUANTITY, SELLER_EMAIL_ID) VALUES (1040,'JVL BT5 Bluetooth Speaker','Portable Bluetooth Mobile/Tablet Speaker', 'Electronics - Other Appliances', 'JVL', 5000, 5, 150, 'peter@infosys.com');
INSERT INTO EK_PRODUCT (PRODUCT_ID, NAME, DESCRIPTION, CATEGORY, BRAND, PRICE, DISCOUNT, QUANTITY, SELLER_EMAIL_ID) VALUES (1041,'Jab 5.1 Speaker','5.1 1 Subwoofer With 5.25"Woofer Unit, 5 Satellite Speakers With Full Range Speaker Units', 'Electronics - Other Appliances', 'Jab', 5000, 5, 150, 'peter@infosys.com');
INSERT INTO EK_PRODUCT (PRODUCT_ID, NAME, DESCRIPTION, CATEGORY, BRAND, PRICE, DISCOUNT, QUANTITY, SELLER_EMAIL_ID) VALUES (1042,'Aro RF JeanssM-32', 'Regular Fit Jeans for Men, size-32', 'Clothing - Men', 'ARO', 5000, 5, 150, 'peter@infosys.com');
INSERT INTO EK_PRODUCT (PRODUCT_ID, NAME, DESCRIPTION, CATEGORY, BRAND, PRICE, DISCOUNT, QUANTITY, SELLER_EMAIL_ID) VALUES (1043,'Aro RF JeanssM-34','Regular Fit Jeans for Men / Size 34 / Black', 'Clothing - Men', 'ARO', 4500, 5, 150, 'peter@infosys.com');
INSERT INTO EK_PRODUCT (PRODUCT_ID, NAME, DESCRIPTION, CATEGORY, BRAND, PRICE, DISCOUNT, QUANTITY, SELLER_EMAIL_ID) VALUES (1044,'Aro RF JeanssM-36','Regular Fit Jeans for Men / Size 36 / Navy Blue', 'Clothing - Men', 'ARO', 2500, 5, 150, 'peter@infosys.com');
INSERT INTO EK_PRODUCT (PRODUCT_ID, NAME, DESCRIPTION, CATEGORY, BRAND, PRICE, DISCOUNT, QUANTITY, SELLER_EMAIL_ID) VALUES (1045,'Aro STL JeansM-32','Denim - Stretchable Jeans for Men-32, Skinny fit', 'Clothing - Men', 'ARO', 3500, 5, 150, 'peter@infosys.com');
INSERT INTO EK_PRODUCT (PRODUCT_ID, NAME, DESCRIPTION, CATEGORY, BRAND, PRICE, DISCOUNT, QUANTITY, SELLER_EMAIL_ID) VALUES (1046,'Aro STL JeansM-34','Skinny Fit stretchable Jeans for Men/Size-32', 'Clothing - Men', 'ARO', 3100, 5, 150, 'robert@infosys.com');
INSERT INTO EK_PRODUCT (PRODUCT_ID, NAME, DESCRIPTION, CATEGORY, BRAND, PRICE, DISCOUNT, QUANTITY, SELLER_EMAIL_ID) VALUES (1047,'LP FL TrouserM-32','LuiPhilipe formal trouser for men / Size-32', 'Clothing - Men', 'LuiPhilipe', 3600, 5, 150, 'robert@infosys.com');
INSERT INTO EK_PRODUCT (PRODUCT_ID, NAME, DESCRIPTION, CATEGORY, BRAND, PRICE, DISCOUNT, QUANTITY, SELLER_EMAIL_ID) VALUES (1048,'LP FL TrouserM-34','LuiPhilipe formal trouser for men / Size-34', 'Clothing - Men', 'LuiPhilipe', 5200, 5, 150, 'robert@infosys.com');
INSERT INTO EK_PRODUCT (PRODUCT_ID, NAME, DESCRIPTION, CATEGORY, BRAND, PRICE, DISCOUNT, QUANTITY, SELLER_EMAIL_ID) VALUES (1049,'TTL FL ShirtM-38','Formal shirt for men / Size-38', 'Clothing - Men', 'TUTUL', 2500, 5, 150, 'robert@infosys.com');
INSERT INTO EK_PRODUCT (PRODUCT_ID, NAME, DESCRIPTION, CATEGORY, BRAND, PRICE, DISCOUNT, QUANTITY, SELLER_EMAIL_ID) VALUES (1050,'TTL FL ShirtM-40','Formal shirt for men / Size-40', 'Clothing - Men', 'TUTUL', 2300, 5, 150, 'robert@infosys.com');
INSERT INTO EK_PRODUCT (PRODUCT_ID, NAME, DESCRIPTION, CATEGORY, BRAND, PRICE, DISCOUNT, QUANTITY, SELLER_EMAIL_ID) VALUES (1051,'TTL FL ShirtM-42','Formal shirt for men / Size-42', 'Clothing - Men', 'TUTUL', 4500, 5, 150, 'robert@infosys.com');
INSERT INTO EK_PRODUCT (PRODUCT_ID, NAME, DESCRIPTION, CATEGORY, BRAND, PRICE, DISCOUNT, QUANTITY, SELLER_EMAIL_ID) VALUES (1052,'Melanje kurti-M','Black Cotton Kurti-M', 'Clothing - Women', 'Melanje', 5000, 5, 150, 'robert@infosys.com');
INSERT INTO EK_PRODUCT (PRODUCT_ID, NAME, DESCRIPTION, CATEGORY, BRAND, PRICE, DISCOUNT, QUANTITY, SELLER_EMAIL_ID) VALUES (1053,'Beeba Palazzo-L','Royal Blue Silk pallazo-L', 'Clothing - Women', 'Beeba', 4000, 5, 150, 'robert@infosys.com');
INSERT INTO EK_PRODUCT (PRODUCT_ID, NAME, DESCRIPTION, CATEGORY, BRAND, PRICE, DISCOUNT, QUANTITY, SELLER_EMAIL_ID) VALUES (1054,'Lyfstyle Trouser-28','Cotton Trousers - 28', 'Clothing - Women', 'Lyfstyle', 6000, 5, 150, 'robert@infosys.com');
INSERT INTO EK_PRODUCT (PRODUCT_ID, NAME, DESCRIPTION, CATEGORY, BRAND, PRICE, DISCOUNT, QUANTITY, SELLER_EMAIL_ID) VALUES (1055,'Dabloo Legging-M ','Cotton Legging (grey) size - M', 'Clothing - Women', 'Dabloo', 2000, 5, 150, 'david@infosys.com');
INSERT INTO EK_PRODUCT (PRODUCT_ID, NAME, DESCRIPTION, CATEGORY, BRAND, PRICE, DISCOUNT, QUANTITY, SELLER_EMAIL_ID) VALUES (1056,'Guchi Tunics-M','Denim Tunic (Olive Greeen) Medium Size', 'Clothing - Women', 'Guchi', 4000, 5, 150, 'david@infosys.com');
INSERT INTO EK_PRODUCT (PRODUCT_ID, NAME, DESCRIPTION, CATEGORY, BRAND, PRICE, DISCOUNT, QUANTITY, SELLER_EMAIL_ID) VALUES (1057,'Honee Casual Pant-M','Casual Pant - Off white, Medium size', 'Clothing - Women', 'Honee', 2000, 5, 150, 'david@infosys.com');
INSERT INTO EK_PRODUCT (PRODUCT_ID, NAME, DESCRIPTION, CATEGORY, BRAND, PRICE, DISCOUNT, QUANTITY, SELLER_EMAIL_ID) VALUES (1058,'LateenQuarters Jump Suit-M','Polyster Cotton Jump suit Navy Blue, Size - M', 'Clothing - Women', 'LateenQuarters', 4000, 5, 150, 'david@infosys.com');
INSERT INTO EK_PRODUCT (PRODUCT_ID, NAME, DESCRIPTION, CATEGORY, BRAND, PRICE, DISCOUNT, QUANTITY, SELLER_EMAIL_ID) VALUES (1059,'And Dungaree-M','Cotton Dungaree - Denim', 'Clothing - Women', 'And', 1500, 5, 150, 'david@infosys.com');
INSERT INTO EK_PRODUCT (PRODUCT_ID, NAME, DESCRIPTION, CATEGORY, BRAND, PRICE, DISCOUNT, QUANTITY, SELLER_EMAIL_ID) VALUES (1060,'Silk crafted Saree','Black Saree with brown border, golden crafted, 5m long', 'Clothing - Women', 'Grand Silk', 5000, 5, 150, 'david@infosys.com');
INSERT INTO EK_PRODUCT (PRODUCT_ID, NAME, DESCRIPTION, CATEGORY, BRAND, PRICE, DISCOUNT, QUANTITY, SELLER_EMAIL_ID) VALUES (1061,'Cotton crafted Saree','Black Saree with red border, 5m long, golden crafted', 'Clothing - Women', 'Grand Silk', 4200, 5, 150, 'david@infosys.com');
INSERT INTO EK_PRODUCT (PRODUCT_ID, NAME, DESCRIPTION, CATEGORY, BRAND, PRICE, DISCOUNT, QUANTITY, SELLER_EMAIL_ID) VALUES (1062,'Silk printed Saree','Red Saree, with white border and prints, 4m long', 'Clothing - Women', 'Grand Silk', 3000, 5, 150, 'david@infosys.com');
INSERT INTO EK_PRODUCT (PRODUCT_ID, NAME, DESCRIPTION, CATEGORY, BRAND, PRICE, DISCOUNT, QUANTITY, SELLER_EMAIL_ID) VALUES (1063,'MSD wicket Keeping Gloves','Leather gloves, drill lining cuff with rubber palm.', 'Sports', 'MSD', 1500, 5, 150, 'david@infosys.com');
INSERT INTO EK_PRODUCT (PRODUCT_ID, NAME, DESCRIPTION, CATEGORY, BRAND, PRICE, DISCOUNT, QUANTITY, SELLER_EMAIL_ID) VALUES (1064,'VSKA Cricket Bat','Jumbo Kashmir Willow Cricket Bat - Short Handle', 'Sports', 'VSKA', 2500, 5, 150, 'david@infosys.com');
INSERT INTO EK_PRODUCT (PRODUCT_ID, NAME, DESCRIPTION, CATEGORY, BRAND, PRICE, DISCOUNT, QUANTITY, SELLER_EMAIL_ID) VALUES (1065,'Mess Football','Hand Stitched Ball Laminated With 3 Layers Of Polyester Cotton', 'Sports', 'Mess', 750, 3, 150, 'charles@infosys.com');
INSERT INTO EK_PRODUCT (PRODUCT_ID, NAME, DESCRIPTION, CATEGORY, BRAND, PRICE, DISCOUNT, QUANTITY, SELLER_EMAIL_ID) VALUES (1066,'Nivi Volleyball','Volleyball, weight-300g', 'Sports', 'Nivi', 500, 5, 550, 'charles@infosys.com');
INSERT INTO EK_PRODUCT (PRODUCT_ID, NAME, DESCRIPTION, CATEGORY, BRAND, PRICE, DISCOUNT, QUANTITY, SELLER_EMAIL_ID) VALUES (1067,'SuperGrip Sports Shoes','Sports shoes with light weight and flexible and extra grip sole', 'Sports', 'SuperGrip', 4200, 5, 150, 'charles@infosys.com');
INSERT INTO EK_PRODUCT (PRODUCT_ID, NAME, DESCRIPTION, CATEGORY, BRAND, PRICE, DISCOUNT, QUANTITY, SELLER_EMAIL_ID) VALUES (1068,'Hawk Fry Pan','Special Induction Base Non-Stick Fry Pan, 24cm', 'Home - Kitchen', 'Hawk', 1200, 5, 150, 'charles@infosys.com');
INSERT INTO EK_PRODUCT (PRODUCT_ID, NAME, DESCRIPTION, CATEGORY, BRAND, PRICE, DISCOUNT, QUANTITY, SELLER_EMAIL_ID) VALUES (1069,'Pigi Pressure Cooker','All Outer Aluminum Pressure Cooker, 5 Litres, Silver', 'Home - Kitchen', 'PIGI', 1500, 5, 150, 'charles@infosys.com');
INSERT INTO EK_PRODUCT (PRODUCT_ID, NAME, DESCRIPTION, CATEGORY, BRAND, PRICE, DISCOUNT, QUANTITY, SELLER_EMAIL_ID) VALUES (1070,'TKW Sofa Set','Sofa 3+1+1 sofa sets are usually ideal for most of the living rooms.', 'Home - Furniture', 'TKW', 50000, 5, 15, 'charles@infosys.com');
INSERT INTO EK_PRODUCT (PRODUCT_ID, NAME, DESCRIPTION, CATEGORY, BRAND, PRICE, DISCOUNT, QUANTITY, SELLER_EMAIL_ID) VALUES (1071,'TKW Side Table','Sheesham Wood Bed Side Cabinet (Natural Honey Finish)', 'Home - Furniture', 'TKW', 15000, 5, 150, 'charles@infosys.com');
INSERT INTO EK_PRODUCT (PRODUCT_ID, NAME, DESCRIPTION, CATEGORY, BRAND, PRICE, DISCOUNT, QUANTITY, SELLER_EMAIL_ID) VALUES (1072,'Hommie Curtain','Artistic floral door curtain (Ring) - 48inch X 90inch.', 'Home - Decor', 'Hommie', 2550, 7, 150, 'charles@infosys.com');
INSERT INTO EK_PRODUCT (PRODUCT_ID, NAME, DESCRIPTION, CATEGORY, BRAND, PRICE, DISCOUNT, QUANTITY, SELLER_EMAIL_ID) VALUES (1073,'RoyaleDecor Curtain','Artistic floral window curtain (Ring) ', 'Home - Decor', 'RoyaleDecor', 1550, 5, 150, 'charles@infosys.com');
INSERT INTO EK_PRODUCT (PRODUCT_ID, NAME, DESCRIPTION, CATEGORY, BRAND, PRICE, DISCOUNT, QUANTITY, SELLER_EMAIL_ID) VALUES (1074,'RoyaleDecor Bed Lamp','Wooden Table Lamp Rope Style (Size: 25.4 x 17.8 x 17.8 cm)', 'Home - Decor', 'RoyaleDecor', 1089, 3, 200, 'charles@infosys.com');

INSERT INTO EK_CUSTOMER (EMAIL_ID, NAME, PASSWORD, PHONE_NUMBER) VALUES ('tom@infosys.com', 'Tom', 'Tom@123', '7886189067');
INSERT INTO EK_CUSTOMER (EMAIL_ID, NAME, PASSWORD, PHONE_NUMBER) VALUES ('harry@infosys.com', 'Harry', 'Harry@123', '7687156584');
INSERT INTO EK_CUSTOMER (EMAIL_ID, NAME, PASSWORD, PHONE_NUMBER) VALUES ('john@infosys.com', 'John', 'John@123', '8478116714');
INSERT INTO EK_CUSTOMER (EMAIL_ID, NAME, PASSWORD, PHONE_NUMBER) VALUES ('sara@infosys.com', 'Sara', 'Sara@123', '8900100511');
INSERT INTO EK_CUSTOMER (EMAIL_ID, NAME, PASSWORD, PHONE_NUMBER) VALUES ('mariya@infosys.com', 'Mariya', 'Mariya@123', '7578116427');
INSERT INTO EK_CUSTOMER (EMAIL_ID, NAME, PASSWORD, PHONE_NUMBER) VALUES ('james@infosys.com', 'James', 'James@123', '8032179231');
INSERT INTO EK_CUSTOMER (EMAIL_ID, NAME, PASSWORD, PHONE_NUMBER) VALUES ('steve@infosys.com', 'Steve', 'Steve@123', '7730157577');
INSERT INTO EK_CUSTOMER (EMAIL_ID, NAME, PASSWORD, PHONE_NUMBER) VALUES ('punya@infosys.com', 'Punya', 'Punya@123', '8064153936');
INSERT INTO EK_CUSTOMER (EMAIL_ID, NAME, PASSWORD, PHONE_NUMBER) VALUES ('animesh@infosys.com', 'Animesh', 'Animesh@123', '7335189166');
INSERT INTO EK_CUSTOMER (EMAIL_ID, NAME, PASSWORD, PHONE_NUMBER) VALUES ('rakesh@infosys.com', 'Rakesh', 'Rakesh@123', '7411164668');


INSERT INTO EK_CUSTOMER_ADDRESS (ADDRESS_ID, CONTACT_NUMBER, LINE_1, LINE_2, CITY, STATE, PIN, CUSTOMER_EMAIL_ID) VALUES (5000, '7886189066', 'Ist Main, Building No.3', 'Park Square', 'Los Angeles', 'California', '752110', 'tom@infosys.com');
INSERT INTO EK_CUSTOMER_ADDRESS (ADDRESS_ID, CONTACT_NUMBER, LINE_1, LINE_2, CITY, STATE, PIN, CUSTOMER_EMAIL_ID) VALUES (5001, '9886189067', '4th Main, Building No.8', 'Mountain Springs', 'Las Vegas', 'Nevada', '859122', 'tom@infosys.com');
INSERT INTO EK_CUSTOMER_ADDRESS (ADDRESS_ID, CONTACT_NUMBER, LINE_1, LINE_2, CITY, STATE, PIN, CUSTOMER_EMAIL_ID) VALUES (5002, '7886106700', '8th Main, Floor no-7, Building No.2', 'Midtown Manhattan', 'New York City', 'New York', '755123', 'tom@infosys.com');
INSERT INTO EK_CUSTOMER_ADDRESS (ADDRESS_ID, CONTACT_NUMBER, LINE_1, LINE_2, CITY, STATE, PIN, CUSTOMER_EMAIL_ID) VALUES (5003, '7883459067', '2nd Main, Floor no-8, Building No.13', 'Mid-City', 'New Orleans', 'Louisiana', '760103', 'tom@infosys.com');
INSERT INTO EK_CUSTOMER_ADDRESS (ADDRESS_ID, CONTACT_NUMBER, LINE_1, LINE_2, CITY, STATE, PIN, CUSTOMER_EMAIL_ID) VALUES (5004, '7876189010', '3rd Main, Floor no-7, Building No.4', 'Back Bay', 'Boston', 'Massachusetts', '889183', 'harry@infosys.com');
INSERT INTO EK_CUSTOMER_ADDRESS (ADDRESS_ID, CONTACT_NUMBER, LINE_1, LINE_2, CITY, STATE, PIN, CUSTOMER_EMAIL_ID) VALUES (5005, '8976189010', '5th Main, Building No.6', 'Downtown Chicago', 'Chicago', 'Illinois', '871103', 'harry@infosys.com');
INSERT INTO EK_CUSTOMER_ADDRESS (ADDRESS_ID, CONTACT_NUMBER, LINE_1, LINE_2, CITY, STATE, PIN, CUSTOMER_EMAIL_ID) VALUES (5006, '9082219010', '6th Main, Building No.16', 'City Alley', 'Philadelphia', 'Pennsylvania', '784164', 'harry@infosys.com');
INSERT INTO EK_CUSTOMER_ADDRESS (ADDRESS_ID, CONTACT_NUMBER, LINE_1, LINE_2, CITY, STATE, PIN, CUSTOMER_EMAIL_ID) VALUES (5007, '9898765430', '228 Runamuck Pl #2808', 'King, Christopher A Esq', 'Houston', 'Texas', '820103', 'harry@infosys.com');
INSERT INTO EK_CUSTOMER_ADDRESS (ADDRESS_ID, CONTACT_NUMBER, LINE_1, LINE_2, CITY, STATE, PIN, CUSTOMER_EMAIL_ID) VALUES (5008, '9977823100', '25 E 75th St #69', 'Feiner Bros', 'Portland', 'Oregon', '741170', 'john@infosys.com');
INSERT INTO EK_CUSTOMER_ADDRESS (ADDRESS_ID, CONTACT_NUMBER, LINE_1, LINE_2, CITY, STATE, PIN, CUSTOMER_EMAIL_ID) VALUES (5009, '9876995670', '73 State Road 434 E', 'Century Communications', 'Atlanta', 'Georgia', '738149', 'john@infosys.com');
INSERT INTO EK_CUSTOMER_ADDRESS (ADDRESS_ID, CONTACT_NUMBER, LINE_1, LINE_2, CITY, STATE, PIN, CUSTOMER_EMAIL_ID) VALUES (5010, '9898676341', '678 3rd Ave', 'Abc Enterprises Inc', 'Dallas', 'Texas', '804100', 'john@infosys.com');
INSERT INTO EK_CUSTOMER_ADDRESS (ADDRESS_ID, CONTACT_NUMBER, LINE_1, LINE_2, CITY, STATE, PIN, CUSTOMER_EMAIL_ID) VALUES (5011, '7659871432', '762 S Main St', 'Knights Inn', 'Pitsburgh', 'Pennsylvania', '827131', 'sara@infosys.com');
INSERT INTO EK_CUSTOMER_ADDRESS (ADDRESS_ID, CONTACT_NUMBER, LINE_1, LINE_2, CITY, STATE, PIN, CUSTOMER_EMAIL_ID) VALUES (5012, '8895711209', '14288 Foster Ave #4121', 'Branford Wire and Mfg Co', 'Milwaukee', 'Wisconsin', '750145', 'sara@infosys.com');
INSERT INTO EK_CUSTOMER_ADDRESS (ADDRESS_ID, CONTACT_NUMBER, LINE_1, LINE_2, CITY, STATE, PIN, CUSTOMER_EMAIL_ID) VALUES (5013, '8769872431', '4 Otis St', 'East Coast Marketing', 'Tuscon', 'Arizona', '782172', 'sara@infosys.com');
INSERT INTO EK_CUSTOMER_ADDRESS (ADDRESS_ID, CONTACT_NUMBER, LINE_1, LINE_2, CITY, STATE, PIN, CUSTOMER_EMAIL_ID) VALUES (5014, '7871234500', '59 Shady Ln #53', 'Schultz, Thomas C Sq', 'Salt Lake City', 'Utah', '802163', 'mariya@infosys.com');
INSERT INTO EK_CUSTOMER_ADDRESS (ADDRESS_ID, CONTACT_NUMBER, LINE_1, LINE_2, CITY, STATE, PIN, CUSTOMER_EMAIL_ID) VALUES (5015, '8046218927', '6649 N Blue Gum St', 'Benton, John B Jr', 'Milwaukee', 'Wisconsin', '802164', 'mariya@infosys.com');
INSERT INTO EK_CUSTOMER_ADDRESS (ADDRESS_ID, CONTACT_NUMBER, LINE_1, LINE_2, CITY, STATE, PIN, CUSTOMER_EMAIL_ID) VALUES (5016, '8102929388', '8 W Cerritos Ave #54', 'Chapman, Ross E Esq', 'Los Angeles', 'California', '802165', 'james@infosys.com');
INSERT INTO EK_CUSTOMER_ADDRESS (ADDRESS_ID, CONTACT_NUMBER, LINE_1, LINE_2, CITY, STATE, PIN, CUSTOMER_EMAIL_ID) VALUES (5017, '8566368749', '7 W Jackson Blvd', 'Commercial Press', 'Las Vegas', 'Nevada', '802166', 'james@infosys.com');
INSERT INTO EK_CUSTOMER_ADDRESS (ADDRESS_ID, CONTACT_NUMBER, LINE_1, LINE_2, CITY, STATE, PIN, CUSTOMER_EMAIL_ID) VALUES (5018, '9073854412', '228 Runamuck Pl #2808', 'King, Christopher A Esq', 'Los Angeles', 'California', '802167', 'james@infosys.com');
INSERT INTO EK_CUSTOMER_ADDRESS (ADDRESS_ID, CONTACT_NUMBER, LINE_1, LINE_2, CITY, STATE, PIN, CUSTOMER_EMAIL_ID) VALUES (5019, '7871234500', '66552 Malone Rd', 'Silverman Planetarium', 'Los Angeles', 'California', '802168', 'steve@infosys.com');
INSERT INTO EK_CUSTOMER_ADDRESS (ADDRESS_ID, CONTACT_NUMBER, LINE_1, LINE_2, CITY, STATE, PIN, CUSTOMER_EMAIL_ID) VALUES (5020, '7135701893', '77 Massillon Rd #822', 'J and F Lumber', 'Milwaukee', 'Wisconsin', '802169', 'steve@infosys.com');
INSERT INTO EK_CUSTOMER_ADDRESS (ADDRESS_ID, CONTACT_NUMBER, LINE_1, LINE_2, CITY, STATE, PIN, CUSTOMER_EMAIL_ID) VALUES (5021, '9195032484', '6535 Joyce St', 'City Development Authority Tower', 'Milwaukee', 'Wisconsin', '802170', 'steve@infosys.com');
INSERT INTO EK_CUSTOMER_ADDRESS (ADDRESS_ID, CONTACT_NUMBER, LINE_1, LINE_2, CITY, STATE, PIN, CUSTOMER_EMAIL_ID) VALUES (5022, '7735736914', 'Ames Stationers', '60 Fillmore Ave', 'Houston', 'Texas', '802171', 'steve@infosys.com');
INSERT INTO EK_CUSTOMER_ADDRESS (ADDRESS_ID, CONTACT_NUMBER, LINE_1, LINE_2, CITY, STATE, PIN, CUSTOMER_EMAIL_ID) VALUES (5023, '7087523500', 'Midas Muffler Shops', '57 Haven Ave #90', 'Las Vegas', 'Nevada', '802172', 'steve@infosys.com');
INSERT INTO EK_CUSTOMER_ADDRESS (ADDRESS_ID, CONTACT_NUMBER, LINE_1, LINE_2, CITY, STATE, PIN, CUSTOMER_EMAIL_ID) VALUES (5024, '9054142147', 'Petersen, James E Esq', '6535 Joyce St', 'Houston', 'Texas', '802173', 'punya@infosys.com');
INSERT INTO EK_CUSTOMER_ADDRESS (ADDRESS_ID, CONTACT_NUMBER, LINE_1, LINE_2, CITY, STATE, PIN, CUSTOMER_EMAIL_ID) VALUES (5025, '9106558723', 'Stuart J Agins', '3718 S Main St', 'Milwaukee', 'Wisconsin', '802174', 'punya@infosys.com');
INSERT INTO EK_CUSTOMER_ADDRESS (ADDRESS_ID, CONTACT_NUMBER, LINE_1, LINE_2, CITY, STATE, PIN, CUSTOMER_EMAIL_ID) VALUES (5026, '9215874122', 'Mitsumi Corp', '5 Green Pond Rd #4', 'Houston', 'Texas', '802175', 'punya@infosys.com');
INSERT INTO EK_CUSTOMER_ADDRESS (ADDRESS_ID, CONTACT_NUMBER, LINE_1, LINE_2, CITY, STATE, PIN, CUSTOMER_EMAIL_ID) VALUES (5027, '8313353414', 'Kleri, Patricia S Esq', '42744 Hamann Industrial Pky #82', 'Los Angeles', 'California', '802176', 'animesh@infosys.com');
INSERT INTO EK_CUSTOMER_ADDRESS (ADDRESS_ID, CONTACT_NUMBER, LINE_1, LINE_2, CITY, STATE, PIN, CUSTOMER_EMAIL_ID) VALUES (5028, '9310498565', 'Geonex Martel Inc', '94 W Dodge Rd', 'Los Angeles', 'California', '802177', 'animesh@infosys.com');
INSERT INTO EK_CUSTOMER_ADDRESS (ADDRESS_ID, CONTACT_NUMBER, LINE_1, LINE_2, CITY, STATE, PIN, CUSTOMER_EMAIL_ID) VALUES (5029, '9440780842', '33 State St', 'Binswanger', 'Houston', 'Texas', '802178', 'animesh@infosys.com');
INSERT INTO EK_CUSTOMER_ADDRESS (ADDRESS_ID, CONTACT_NUMBER, LINE_1, LINE_2, CITY, STATE, PIN, CUSTOMER_EMAIL_ID) VALUES (5030, '9565376195', '2 S 15th St', 'Fort Square', 'Milwaukee', 'Wisconsin', '802179', 'animesh@infosys.com');
INSERT INTO EK_CUSTOMER_ADDRESS (ADDRESS_ID, CONTACT_NUMBER, LINE_1, LINE_2, CITY, STATE, PIN, CUSTOMER_EMAIL_ID) VALUES (5031, '9022774385', '60 Old Dover Rd', 'Denbrook, Myron', 'Houston', 'Texas', '802280', 'animesh@infosys.com');
INSERT INTO EK_CUSTOMER_ADDRESS (ADDRESS_ID, CONTACT_NUMBER, LINE_1, LINE_2, CITY, STATE, PIN, CUSTOMER_EMAIL_ID) VALUES (5032, '9313139635', '8 Sheridan Rd', 'Lippitt Jn', 'Milwaukee', 'Wisconsin', '802281', 'animesh@infosys.com');
INSERT INTO EK_CUSTOMER_ADDRESS (ADDRESS_ID, CONTACT_NUMBER, LINE_1, LINE_2, CITY, STATE, PIN, CUSTOMER_EMAIL_ID) VALUES (5033, '9414661959', '88 15th Ave Ne', 'Hasting, H Duane Esq', 'Las Vegas', 'Nevada', '802291', 'animesh@infosys.com');
INSERT INTO EK_CUSTOMER_ADDRESS (ADDRESS_ID, CONTACT_NUMBER, LINE_1, LINE_2, CITY, STATE, PIN, CUSTOMER_EMAIL_ID) VALUES (5034, '9313288793', '3381 E 40th Ave', 'Insty Prints', 'Houston', 'Texas', '802292', 'rakesh@infosys.com');
INSERT INTO EK_CUSTOMER_ADDRESS (ADDRESS_ID, CONTACT_NUMBER, LINE_1, LINE_2, CITY, STATE, PIN, CUSTOMER_EMAIL_ID) VALUES (5035, '8158282147', '8 Us Highway 22', 'Black History Resource Center', 'Los Angeles', 'California', '802293', 'rakesh@infosys.com');
INSERT INTO EK_CUSTOMER_ADDRESS (ADDRESS_ID, CONTACT_NUMBER, LINE_1, LINE_2, CITY, STATE, PIN, CUSTOMER_EMAIL_ID) VALUES (5036, '9610545361', '8139 I Hwy 10 #92', 'Goeman Woods', 'Las Vegas', 'Nevada', '802294', 'rakesh@infosys.com');
INSERT INTO EK_CUSTOMER_ADDRESS (ADDRESS_ID, CONTACT_NUMBER, LINE_1, LINE_2, CITY, STATE, PIN, CUSTOMER_EMAIL_ID) VALUES (5037, '8408540178', '3125 Packer Ave #9851', 'modern Woods', 'Milwaukee', 'Wisconsin', '802301', 'rakesh@infosys.com');
INSERT INTO EK_CUSTOMER_ADDRESS (ADDRESS_ID, CONTACT_NUMBER, LINE_1, LINE_2, CITY, STATE, PIN, CUSTOMER_EMAIL_ID) VALUES (5038, '9723039197', '347 Chestnut St', '3rd Cross', 'Milwaukee', 'Wisconsin', '802302', 'rakesh@infosys.com');
INSERT INTO EK_CUSTOMER_ADDRESS (ADDRESS_ID, CONTACT_NUMBER, LINE_1, LINE_2, CITY, STATE, PIN, CUSTOMER_EMAIL_ID) VALUES (5039, '9518966798', '73 W Barstow Ave', '4th Avenue', 'Los Angeles', 'California', '802303', 'rakesh@infosys.com');


INSERT INTO EK_ORDER (ORDER_ID, ORDER_NUMBER, DATE_OF_ORDER, PRODUCT_ID, QUANTITY, TOTAL_PRICE, ADDRESS_ID, ORDER_STATUS, PAYMENT_THROUGH, DATE_OF_DELIVERY, CUSTOMER_EMAIL_ID) VALUES (90000, 71000, SYSDATE()- INTERVAL 155 DAY, 1000, 1, 15200, 5000, 'DELIVERED', 'DEBIT_CARD', SYSDATE()- INTERVAL 150 DAY, 'tom@infosys.com');
INSERT INTO EK_ORDER (ORDER_ID, ORDER_NUMBER, DATE_OF_ORDER, PRODUCT_ID, QUANTITY, TOTAL_PRICE, ADDRESS_ID, ORDER_STATUS, PAYMENT_THROUGH, DATE_OF_DELIVERY, CUSTOMER_EMAIL_ID) VALUES (90001, 71000, SYSDATE()- INTERVAL 155 DAY, 1011, 1, 56050, 5000, 'RETURNED', 'CASH_ON_DELIVERY', SYSDATE()- INTERVAL 150 DAY, 'tom@infosys.com');
INSERT INTO EK_ORDER (ORDER_ID, ORDER_NUMBER, DATE_OF_ORDER, PRODUCT_ID, QUANTITY, TOTAL_PRICE, ADDRESS_ID, ORDER_STATUS, PAYMENT_THROUGH, DATE_OF_DELIVERY, CUSTOMER_EMAIL_ID) VALUES (90002, 71001, SYSDATE()- INTERVAL 145 DAY, 1007, 1, 7600, 5007, 'RETURNED', 'DEBIT_CARD', SYSDATE()- INTERVAL 140 DAY, 'harry@infosys.com');
INSERT INTO EK_ORDER (ORDER_ID, ORDER_NUMBER, DATE_OF_ORDER, PRODUCT_ID, QUANTITY, TOTAL_PRICE, ADDRESS_ID, ORDER_STATUS, PAYMENT_THROUGH, DATE_OF_DELIVERY, CUSTOMER_EMAIL_ID) VALUES (90003, 71001, SYSDATE()- INTERVAL 145 DAY, 1063, 1, 475, 5007, 'DELIVERED', 'CREDIT_CARD', SYSDATE()- INTERVAL 139 DAY, 'harry@infosys.com');
INSERT INTO EK_ORDER (ORDER_ID, ORDER_NUMBER, DATE_OF_ORDER, PRODUCT_ID, QUANTITY, TOTAL_PRICE, ADDRESS_ID, ORDER_STATUS, PAYMENT_THROUGH, DATE_OF_DELIVERY, CUSTOMER_EMAIL_ID) VALUES (90004, 71002, SYSDATE()- INTERVAL 108 DAY, 1070, 1, 47500, 5012, 'CANCELLED', 'DEBIT_CARD', null, 'john@infosys.com');
INSERT INTO EK_ORDER (ORDER_ID, ORDER_NUMBER, DATE_OF_ORDER, PRODUCT_ID, QUANTITY, TOTAL_PRICE, ADDRESS_ID, ORDER_STATUS, PAYMENT_THROUGH, DATE_OF_DELIVERY, CUSTOMER_EMAIL_ID) VALUES (90005, 71002, SYSDATE()- INTERVAL 108 DAY, 1071, 1, 14250, 5012, 'DELIVERED', 'CREDIT_CARD', SYSDATE()- INTERVAL 103 DAY, 'john@infosys.com');
INSERT INTO EK_ORDER (ORDER_ID, ORDER_NUMBER, DATE_OF_ORDER, PRODUCT_ID, QUANTITY, TOTAL_PRICE, ADDRESS_ID, ORDER_STATUS, PAYMENT_THROUGH, DATE_OF_DELIVERY, CUSTOMER_EMAIL_ID) VALUES (90006, 71002, SYSDATE()- INTERVAL 108 DAY, 1072, 1, 2371.50, 5012, 'CANCELLED', 'CREDIT_CARD', null, 'john@infosys.com');
INSERT INTO EK_ORDER (ORDER_ID, ORDER_NUMBER, DATE_OF_ORDER, PRODUCT_ID, QUANTITY, TOTAL_PRICE, ADDRESS_ID, ORDER_STATUS, PAYMENT_THROUGH, DATE_OF_DELIVERY, CUSTOMER_EMAIL_ID) VALUES (90007, 71003, SYSDATE()- INTERVAL 98 DAY, 1052, 1, 4750, 5004, 'DELIVERED', 'DEBIT_CARD', SYSDATE()- INTERVAL 95 DAY, 'sara@infosys.com');
INSERT INTO EK_ORDER (ORDER_ID, ORDER_NUMBER, DATE_OF_ORDER, PRODUCT_ID, QUANTITY, TOTAL_PRICE, ADDRESS_ID, ORDER_STATUS, PAYMENT_THROUGH, DATE_OF_DELIVERY, CUSTOMER_EMAIL_ID) VALUES (90008, 71004, SYSDATE()- INTERVAL 95 DAY, 1052, 1,4750, 5017, 'CANCELLED', 'CASH_ON_DELIVERY', null, 'mariya@infosys.com');
INSERT INTO EK_ORDER (ORDER_ID, ORDER_NUMBER, DATE_OF_ORDER, PRODUCT_ID, QUANTITY, TOTAL_PRICE, ADDRESS_ID, ORDER_STATUS, PAYMENT_THROUGH, DATE_OF_DELIVERY, CUSTOMER_EMAIL_ID) VALUES (90009, 71004, SYSDATE()- INTERVAL 95 DAY, 1053, 1, 3800, 5017, 'DELIVERED', 'CREDIT_CARD', SYSDATE()- INTERVAL 90 DAY, 'mariya@infosys.com');
INSERT INTO EK_ORDER (ORDER_ID, ORDER_NUMBER, DATE_OF_ORDER, PRODUCT_ID, QUANTITY, TOTAL_PRICE, ADDRESS_ID, ORDER_STATUS, PAYMENT_THROUGH, DATE_OF_DELIVERY, CUSTOMER_EMAIL_ID) VALUES (90010, 71004, SYSDATE()- INTERVAL 95 DAY, 1054, 2, 11400, 5017, 'CANCELLED', 'CASH_ON_DELIVERY', null, 'mariya@infosys.com');
INSERT INTO EK_ORDER (ORDER_ID, ORDER_NUMBER, DATE_OF_ORDER, PRODUCT_ID, QUANTITY, TOTAL_PRICE, ADDRESS_ID, ORDER_STATUS, PAYMENT_THROUGH, DATE_OF_DELIVERY, CUSTOMER_EMAIL_ID) VALUES (90011, 71005, SYSDATE()- INTERVAL 84 DAY, 1042, 1, 4750, 5010, 'DELIVERED', 'DEBIT_CARD', SYSDATE()- INTERVAL 80 DAY, 'james@infosys.com');
INSERT INTO EK_ORDER (ORDER_ID, ORDER_NUMBER, DATE_OF_ORDER, PRODUCT_ID, QUANTITY, TOTAL_PRICE, ADDRESS_ID, ORDER_STATUS, PAYMENT_THROUGH, DATE_OF_DELIVERY, CUSTOMER_EMAIL_ID) VALUES (90012, 71006, SYSDATE()- INTERVAL 84 DAY, 1016, 1, 47500, 5008, 'CANCELLED', 'CREDIT_CARD', null, 'steve@infosys.com');
INSERT INTO EK_ORDER (ORDER_ID, ORDER_NUMBER, DATE_OF_ORDER, PRODUCT_ID, QUANTITY, TOTAL_PRICE, ADDRESS_ID, ORDER_STATUS, PAYMENT_THROUGH, DATE_OF_DELIVERY, CUSTOMER_EMAIL_ID) VALUES (90013, 71006, SYSDATE()- INTERVAL 76 DAY, 1006, 1, 4750, 5008, 'DELIVERED', 'CASH_ON_DELIVERY', SYSDATE()- INTERVAL 74 DAY, 'steve@infosys.com');
INSERT INTO EK_ORDER (ORDER_ID, ORDER_NUMBER, DATE_OF_ORDER, PRODUCT_ID, QUANTITY, TOTAL_PRICE, ADDRESS_ID, ORDER_STATUS, PAYMENT_THROUGH, DATE_OF_DELIVERY, CUSTOMER_EMAIL_ID) VALUES (90014, 71007, SYSDATE()- INTERVAL 76 DAY, 1000, 1, 15200, 5006, 'DELIVERED', 'DEBIT_CARD', SYSDATE()- INTERVAL 73 DAY, 'punya@infosys.com');
INSERT INTO EK_ORDER (ORDER_ID, ORDER_NUMBER, DATE_OF_ORDER, PRODUCT_ID, QUANTITY, TOTAL_PRICE, ADDRESS_ID, ORDER_STATUS, PAYMENT_THROUGH, DATE_OF_DELIVERY, CUSTOMER_EMAIL_ID) VALUES (90015, 71007, SYSDATE()- INTERVAL 76 DAY, 1011, 1, 56050, 5006, 'DELIVERED', 'CREDIT_CARD', SYSDATE()- INTERVAL 72 DAY, 'punya@infosys.com');
INSERT INTO EK_ORDER (ORDER_ID, ORDER_NUMBER, DATE_OF_ORDER, PRODUCT_ID, QUANTITY, TOTAL_PRICE, ADDRESS_ID, ORDER_STATUS, PAYMENT_THROUGH, DATE_OF_DELIVERY, CUSTOMER_EMAIL_ID) VALUES (90016, 71007, SYSDATE()- INTERVAL 76 DAY, 1042, 1, 4750, 5006, 'DELIVERED', 'CREDIT_CARD', SYSDATE()- INTERVAL 73 DAY, 'punya@infosys.com');
INSERT INTO EK_ORDER (ORDER_ID, ORDER_NUMBER, DATE_OF_ORDER, PRODUCT_ID, QUANTITY, TOTAL_PRICE, ADDRESS_ID, ORDER_STATUS, PAYMENT_THROUGH, DATE_OF_DELIVERY, CUSTOMER_EMAIL_ID) VALUES (90018, 71009, SYSDATE()- INTERVAL 52 DAY, 1002, 1, 15200, 5017, 'DELIVERED', 'CASH_ON_DELIVERY', SYSDATE()- INTERVAL 45 DAY, 'animesh@infosys.com');
INSERT INTO EK_ORDER (ORDER_ID, ORDER_NUMBER, DATE_OF_ORDER, PRODUCT_ID, QUANTITY, TOTAL_PRICE, ADDRESS_ID, ORDER_STATUS, PAYMENT_THROUGH, DATE_OF_DELIVERY, CUSTOMER_EMAIL_ID) VALUES (90017, 71008, SYSDATE()- INTERVAL 6 DAY, 1045, 1, 3325, 5017, 'OUT_FOR_DELIVERY', 'CREDIT_CARD', null, 'rakesh@infosys.com');
INSERT INTO EK_ORDER (ORDER_ID, ORDER_NUMBER, DATE_OF_ORDER, PRODUCT_ID, QUANTITY, TOTAL_PRICE, ADDRESS_ID, ORDER_STATUS, PAYMENT_THROUGH, DATE_OF_DELIVERY, CUSTOMER_EMAIL_ID) VALUES (90019, 71010, SYSDATE()- INTERVAL 2 DAY, 1015, 1, 33250, 5017, 'DISPATCHED', 'DEBIT_CARD', null, 'rakesh@infosys.com');


INSERT INTO EK_CUSTOMER_CART (CART_ID, PRODUCT_ID, QUANTITY, CUSTOMER_EMAIL_ID) VALUES (3000, 1000, 1, 'tom@infosys.com');
INSERT INTO EK_CUSTOMER_CART (CART_ID, PRODUCT_ID, QUANTITY, CUSTOMER_EMAIL_ID) VALUES (3001, 1004, 1, 'tom@infosys.com');
INSERT INTO EK_CUSTOMER_CART (CART_ID, PRODUCT_ID, QUANTITY, CUSTOMER_EMAIL_ID) VALUES (3002, 1008, 1, 'tom@infosys.com');
INSERT INTO EK_CUSTOMER_CART (CART_ID, PRODUCT_ID, QUANTITY, CUSTOMER_EMAIL_ID) VALUES (3003, 1012, 1, 'harry@infosys.com');
INSERT INTO EK_CUSTOMER_CART (CART_ID, PRODUCT_ID, QUANTITY, CUSTOMER_EMAIL_ID) VALUES (3004, 1016, 1, 'harry@infosys.com');
INSERT INTO EK_CUSTOMER_CART (CART_ID, PRODUCT_ID, QUANTITY, CUSTOMER_EMAIL_ID) VALUES (3005, 1020, 1, 'john@infosys.com');
INSERT INTO EK_CUSTOMER_CART (CART_ID, PRODUCT_ID, QUANTITY, CUSTOMER_EMAIL_ID) VALUES (3006, 1024, 1, 'sara@infosys.com');
INSERT INTO EK_CUSTOMER_CART (CART_ID, PRODUCT_ID, QUANTITY, CUSTOMER_EMAIL_ID) VALUES (3007, 1028, 1, 'sara@infosys.com');
INSERT INTO EK_CUSTOMER_CART (CART_ID, PRODUCT_ID, QUANTITY, CUSTOMER_EMAIL_ID) VALUES (3008, 1032, 1, 'sara@infosys.com');
INSERT INTO EK_CUSTOMER_CART (CART_ID, PRODUCT_ID, QUANTITY, CUSTOMER_EMAIL_ID) VALUES (3009, 1036, 1, 'mariya@infosys.com');
INSERT INTO EK_CUSTOMER_CART (CART_ID, PRODUCT_ID, QUANTITY, CUSTOMER_EMAIL_ID) VALUES (3010, 1040, 1, 'mariya@infosys.com');
INSERT INTO EK_CUSTOMER_CART (CART_ID, PRODUCT_ID, QUANTITY, CUSTOMER_EMAIL_ID) VALUES (3011, 1044, 1, 'james@infosys.com');
INSERT INTO EK_CUSTOMER_CART (CART_ID, PRODUCT_ID, QUANTITY, CUSTOMER_EMAIL_ID) VALUES (3012, 1048, 1, 'james@infosys.com');
INSERT INTO EK_CUSTOMER_CART (CART_ID, PRODUCT_ID, QUANTITY, CUSTOMER_EMAIL_ID) VALUES (3013, 1052, 1, 'tom@infosys.com');
INSERT INTO EK_CUSTOMER_CART (CART_ID, PRODUCT_ID, QUANTITY, CUSTOMER_EMAIL_ID) VALUES (3014, 1056, 1, 'john@infosys.com');

INSERT INTO EK_CARD (CARD_ID, CARD_TYPE, CARD_NUMBER, CVV, EXPIRY_DATE, NAME_ON_CARD, CUSTOMER_EMAIL_ID) VALUES (202002, 'DEBIT_CARD', '6642120005012155', '5088c1bc42f5cc6a32cdb92d7524ea06febe006baac86a0fc8986a8ee00602bc', '2021-01-21', 'TOM', 'tom@infosys.com');
-- CVV => 517 
INSERT INTO EK_CARD (CARD_ID, CARD_TYPE, CARD_NUMBER, CVV, EXPIRY_DATE, NAME_ON_CARD, CUSTOMER_EMAIL_ID) VALUES (202003, 'CREDIT_CARD', '6642130005012162', 'c9a5da075f9e5c3e7a916570946fed4826e181656382e13696fbe0aaf1412bf5', '2028-02-16', 'TOM', 'tom@infosys.com');
-- CVV => 699 
INSERT INTO EK_CARD (CARD_ID, CARD_TYPE, CARD_NUMBER, CVV, EXPIRY_DATE, NAME_ON_CARD, CUSTOMER_EMAIL_ID) VALUES (202004, 'DEBIT_CARD', '6642140005012179', '6b3c238ebcf1f3c07cf0e556faa82c6b8fe96840ff4b6b7e9962a2d855843a0b',  '2028-02-16', 'TOM', 'tom@infosys.com');
-- CVV => 404  
INSERT INTO EK_CARD (CARD_ID, CARD_TYPE, CARD_NUMBER, CVV, EXPIRY_DATE, NAME_ON_CARD, CUSTOMER_EMAIL_ID) VALUES (202005, 'DEBIT_CARD', '6642150005012186', '0c658eb5d61e88c86f37613342bbce6cbf278a9a86ba6514dc7e5c205f76c99f',  '2028-02-24', 'TOM', 'tom@infosys.com');
-- CVV => 748 
INSERT INTO EK_CARD (CARD_ID, CARD_TYPE, CARD_NUMBER, CVV, EXPIRY_DATE, NAME_ON_CARD, CUSTOMER_EMAIL_ID) VALUES (202006, 'CREDIT_CARD', '6642160005012193', '114bd151f8fb0c58642d2170da4ae7d7c57977260ac2cc8905306cab6b2acabc',  '2029-02-21', 'HARRY', 'harry@infosys.com');
-- CVV => 234 
INSERT INTO EK_CARD (CARD_ID, CARD_TYPE, CARD_NUMBER, CVV, EXPIRY_DATE, NAME_ON_CARD, CUSTOMER_EMAIL_ID) VALUES (202007, 'CREDIT_CARD', '6642170005012200', '40962624bfc236888ff8a68a74b0c30166b7245423520bb28196b67f57d5e332', '2029-02-22', 'HARRY', 'harry@infosys.com');
-- CVV => 739 
INSERT INTO EK_CARD (CARD_ID, CARD_TYPE, CARD_NUMBER, CVV, EXPIRY_DATE, NAME_ON_CARD, CUSTOMER_EMAIL_ID) VALUES (202008, 'DEBIT_CARD', '6642180005012217', 'eaa1938017b2d55e02387d0837e1b56bc124ae8a17624e10e366bae6c4b9c834',  '2028-06-26', 'HARRY', 'harry@infosys.com');
-- CVV => 894 
INSERT INTO EK_CARD (CARD_ID, CARD_TYPE, CARD_NUMBER, CVV, EXPIRY_DATE, NAME_ON_CARD, CUSTOMER_EMAIL_ID) VALUES (202009, 'DEBIT_CARD', '6642190005012224', 'd1c78c9aa5dcb0991f46b25fbaaa359d7d5823ac7a2a94c4d4a31da42a26c24f',  '2027-08-26', 'JOHN', 'john@infosys.com');
-- CVV => 805 
INSERT INTO EK_CARD (CARD_ID, CARD_TYPE, CARD_NUMBER, CVV, EXPIRY_DATE, NAME_ON_CARD, CUSTOMER_EMAIL_ID) VALUES (202010, 'CREDIT_CARD', '6642200005012239', '52f11620e397f867b7d9f19e48caeb64658356a6b5d17138c00dd9feaf5d7ad6',  '2032-09-26', 'JOHN', 'john@infosys.com');
-- CVV => 184 
INSERT INTO EK_CARD (CARD_ID, CARD_TYPE, CARD_NUMBER, CVV, EXPIRY_DATE, NAME_ON_CARD, CUSTOMER_EMAIL_ID) VALUES (202011, 'CREDIT_CARD', '6642220005012252', '10ba045e9ee40807e57f6093280b9fa9eaf640ba4955e340ae4c749382ad96fc',  '2030-10-26', 'SARA', 'sara@infosys.com');
-- CVV => 684 
INSERT INTO EK_CARD (CARD_ID, CARD_TYPE, CARD_NUMBER, CVV, EXPIRY_DATE, NAME_ON_CARD, CUSTOMER_EMAIL_ID) VALUES (202012, 'CREDIT_CARD', '6642210005012246', '61182f39851829ca78c919a83ecbfa045fc0686bff16d0cfa3e643988d9dfecd',  '2030-12-26', 'SARA', 'sara@infosys.com');
-- CVV => 730 
INSERT INTO EK_CARD (CARD_ID, CARD_TYPE, CARD_NUMBER, CVV, EXPIRY_DATE, NAME_ON_CARD, CUSTOMER_EMAIL_ID) VALUES (202013, 'DEBIT_CARD', '6642230005012269', 'fce86e339dc3131c489202ec3b6c8d4319c61f152b3541ba0e4141e5d5c3fac3',  '2031-04-26', 'SARA', 'sara@infosys.com');
-- CVV => 807 
INSERT INTO EK_CARD (CARD_ID, CARD_TYPE, CARD_NUMBER, CVV, EXPIRY_DATE, NAME_ON_CARD, CUSTOMER_EMAIL_ID) VALUES (202014, 'DEBIT_CARD', '6642240005012276', '728bf33aab1d32d4dca8fcc6a020d8baeb6b9910104541aa68c2d408154734fc',  '2032-02-26', 'MARIYA', 'mariya@infosys.com');
-- CVV => 920 
INSERT INTO EK_CARD (CARD_ID, CARD_TYPE, CARD_NUMBER, CVV, EXPIRY_DATE, NAME_ON_CARD, CUSTOMER_EMAIL_ID) VALUES (202015, 'DEBIT_CARD', '6642250005012283', 'bda584056eb9957d6c681e00079eff36fec289e2a0432a4221b95438dfef5ca4',  '2034-02-26', 'MARIYA', 'mariya@infosys.com');
-- CVV => 637 
INSERT INTO EK_CARD (CARD_ID, CARD_TYPE, CARD_NUMBER, CVV, EXPIRY_DATE, NAME_ON_CARD, CUSTOMER_EMAIL_ID) VALUES (202016, 'CREDIT_CARD', '6642260005012290', '4621c1d55fa4e86ce0dae4288302641baac86dd53f76227c892df9d300682d41',  '2028-02-26', 'MARIYA', 'mariya@infosys.com');
-- CVV => 203 
INSERT INTO EK_CARD (CARD_ID, CARD_TYPE, CARD_NUMBER, CVV, EXPIRY_DATE, NAME_ON_CARD, CUSTOMER_EMAIL_ID) VALUES (202017, 'CREDIT_CARD', '6642270005012307', '303c8bd55875dda240897db158acf70afe4226f300757f3518b86e6817c00022',  '2028-02-26', 'JAMES', 'james@infosys.com');
-- CVV => 273 
INSERT INTO EK_CARD (CARD_ID, CARD_TYPE, CARD_NUMBER, CVV, EXPIRY_DATE, NAME_ON_CARD, CUSTOMER_EMAIL_ID) VALUES (202018, 'DEBIT_CARD', '6642280005012314', '00bebc5be79d19e1b8b3f250dc39aebfa9a054baf5f8d61380438d92394c476a',  '2029-02-26', 'JAMES', 'james@infosys.com');
-- CVV => 671 
INSERT INTO EK_CARD (CARD_ID, CARD_TYPE, CARD_NUMBER, CVV, EXPIRY_DATE, NAME_ON_CARD, CUSTOMER_EMAIL_ID) VALUES (202019, 'DEBIT_CARD', '6642290005012321', 'b1556dea32e9d0cdbfed038fd7787275775ea40939c146a64e205bcb349ad02f',  '2029-02-26', 'JAMES', 'james@infosys.com');
-- CVV => 112 
INSERT INTO EK_CARD (CARD_ID, CARD_TYPE, CARD_NUMBER, CVV, EXPIRY_DATE, NAME_ON_CARD, CUSTOMER_EMAIL_ID) VALUES (202020, 'CREDIT_CARD', '6642300005012336', '02e6295d8f522840f09b5194b3f023799ad6ed3306d9296005787e792224df20',  '2029-02-26', 'JAMES', 'james@infosys.com');
-- CVV => 344 
INSERT INTO EK_CARD (CARD_ID, CARD_TYPE, CARD_NUMBER, CVV, EXPIRY_DATE, NAME_ON_CARD, CUSTOMER_EMAIL_ID) VALUES (202021, 'DEBIT_CARD', '6642310005012343', '23e8b0175874e1bb3b4799e13a6634a8eddb456c1b8675b871e07ec09abc0c07',  '2029-02-26', 'STEVE', 'steve@infosys.com');
-- CVV => 492 
INSERT INTO EK_CARD (CARD_ID, CARD_TYPE, CARD_NUMBER, CVV, EXPIRY_DATE, NAME_ON_CARD, CUSTOMER_EMAIL_ID) VALUES (202022, 'DEBIT_CARD', '6642320005012359', 'f4466a4b51d21014b34f621813a1ed75f1c750ec328d908d9edc989c64778962',  '2029-02-26', 'STEVE', 'steve@infosys.com');
-- CVV => 673 
INSERT INTO EK_CARD (CARD_ID, CARD_TYPE, CARD_NUMBER, CVV, EXPIRY_DATE, NAME_ON_CARD, CUSTOMER_EMAIL_ID) VALUES (202023, 'CREDIT_CARD', '6642330005012366', '62a0eae98b9fc0bd0ad941ae07ae5e2af545a64c8ddc43407bdfe6ae82addb4c',  '2028-02-26', 'STEVE', 'steve@infosys.com');
-- CVV => 358 
INSERT INTO EK_CARD (CARD_ID, CARD_TYPE, CARD_NUMBER, CVV, EXPIRY_DATE, NAME_ON_CARD, CUSTOMER_EMAIL_ID) VALUES (202024, 'DEBIT_CARD', '6642340005012373', 'eaf89db7108470dc3f6b23ea90618264b3e8f8b6145371667c4055e9c5ce9f52',  '2027-02-26', 'STEVE', 'steve@infosys.com');
-- CVV => 777 
INSERT INTO EK_CARD (CARD_ID, CARD_TYPE, CARD_NUMBER, CVV, EXPIRY_DATE, NAME_ON_CARD, CUSTOMER_EMAIL_ID) VALUES (202025, 'CREDIT_CARD', '6642350005012380', '050a010ce24d0896056e9a36a1940738d38f469d644b3682cfcc47569739c525',  '2026-02-26', 'PUNYA', 'punya@infosys.com');
-- CVV => 439 
INSERT INTO EK_CARD (CARD_ID, CARD_TYPE, CARD_NUMBER, CVV, EXPIRY_DATE, NAME_ON_CARD, CUSTOMER_EMAIL_ID) VALUES (202026, 'CREDIT_CARD', '6642360005012397', 'f64f410744d9470ffe2d6b9ee6f042cdffcc42a745d2568146e8782ea828ff48',  '2025-02-26', 'PUNYA', 'punya@infosys.com');
-- CVV => 406 
INSERT INTO EK_CARD (CARD_ID, CARD_TYPE, CARD_NUMBER, CVV, EXPIRY_DATE, NAME_ON_CARD, CUSTOMER_EMAIL_ID) VALUES (202027, 'CREDIT_CARD', '6642370005012404', 'd11501b090fb2749f2c49284394dd36fe0ac76eb1a52cb3bba260dbc119ec46e',  '2022-02-16', 'PUNYA', 'punya@infosys.com');
-- CVV => 536 
INSERT INTO EK_CARD (CARD_ID, CARD_TYPE, CARD_NUMBER, CVV, EXPIRY_DATE, NAME_ON_CARD, CUSTOMER_EMAIL_ID) VALUES (202028, 'DEBIT_CARD', '6642380005012411', '5c3e9040008c91509e2d28e5308034b677d4e2cc0b386863d4883bdb747eba1c',  '2029-02-16', 'PUNYA', 'punya@infosys.com');
-- CVV => 725 
INSERT INTO EK_CARD (CARD_ID, CARD_TYPE, CARD_NUMBER, CVV, EXPIRY_DATE, NAME_ON_CARD, CUSTOMER_EMAIL_ID) VALUES (202029, 'DEBIT_CARD', '6642390005012428', 'b3a8e0e1f9ab1bfe3a36f231f676f78bb30a519d2b21e6c530c0eee8ebb4a5d0',  '2031-06-26', 'ANIMESH', 'animesh@infosys.com');
-- CVV => 456 
INSERT INTO EK_CARD (CARD_ID, CARD_TYPE, CARD_NUMBER, CVV, EXPIRY_DATE, NAME_ON_CARD, CUSTOMER_EMAIL_ID) VALUES (202030, 'CREDIT_CARD', '6642400005012433', 'fc95ce176603e9e1d1ffee39023b31dd856e00ad030526902604ed2a68a12c4b',  '2032-02-26', 'ANIMESH', 'animesh@infosys.com');
-- CVV => 339 
INSERT INTO EK_CARD (CARD_ID, CARD_TYPE, CARD_NUMBER, CVV, EXPIRY_DATE, NAME_ON_CARD, CUSTOMER_EMAIL_ID) VALUES (202031, 'CREDIT_CARD', '6642410005012440', '162753c27c8b32975a0edf5e89ab4ed8e2f06f02a182e0f181481cc050fdcc72',  '2032-02-26', 'ANIMESH', 'animesh@infosys.com');
-- CVV => 686 
INSERT INTO EK_CARD (CARD_ID, CARD_TYPE, CARD_NUMBER, CVV, EXPIRY_DATE, NAME_ON_CARD, CUSTOMER_EMAIL_ID) VALUES (202032, 'DEBIT_CARD', '6642420005012456', 'b123f95a5578ac2ffb571adb3fd60b023e925128d1ef5bf917a73a8fa3d136a4',  '2029-02-16', 'ANIMESH', 'animesh@infosys.com');
-- CVV => 909 
INSERT INTO EK_CARD (CARD_ID, CARD_TYPE, CARD_NUMBER, CVV, EXPIRY_DATE, NAME_ON_CARD, CUSTOMER_EMAIL_ID) VALUES (202033, 'DEBIT_CARD', '6642430005012463', '79d6eaa2676189eb927f2e16a70091474078e2117c3fc607d35cdc6b591ef355',  '2027-06-26', 'RAKESH', 'rakesh@infosys.com');
-- CVV => 162 
INSERT INTO EK_CARD (CARD_ID, CARD_TYPE, CARD_NUMBER, CVV, EXPIRY_DATE, NAME_ON_CARD, CUSTOMER_EMAIL_ID) VALUES (202034, 'DEBIT_CARD', '6642440005012470', '38b2d03f3256502b1e9db02b2d12aa27a46033ffe6d8c0ef0f2cf6b1530be9d8',  '2025-08-26', 'RAKESH', 'rakesh@infosys.com');
-- CVV => 187 
INSERT INTO EK_CARD (CARD_ID, CARD_TYPE, CARD_NUMBER, CVV, EXPIRY_DATE, NAME_ON_CARD, CUSTOMER_EMAIL_ID) VALUES (202035, 'CREDIT_CARD', '6642450005012487', '60f070e3393291d6f836bf0acdca6138eadc4dd1d168ccaf03ab17cf0464f81b',  '2026-03-26', 'RAKESH', 'rakesh@infosys.com');
-- CVV => 591 
INSERT INTO EK_CARD (CARD_ID, CARD_TYPE, CARD_NUMBER, CVV, EXPIRY_DATE, NAME_ON_CARD, CUSTOMER_EMAIL_ID) VALUES (202036, 'DEBIT_CARD', '6642460005012494', '1c8dcc518b9942ef52885666bfb82260c287afbbeebb71e741b1262099424f11',  '2027-02-16', 'RAKESH', 'rakesh@infosys.com');
-- CVV => 681 
INSERT INTO EK_CARD (CARD_ID, CARD_TYPE, CARD_NUMBER, CVV, EXPIRY_DATE, NAME_ON_CARD, CUSTOMER_EMAIL_ID) VALUES (202037, 'CREDIT_CARD', '6642470005012501', 'c032851ed192d8ac0a3ad04b0ef3060b44d1f6d62f8c17414006702787c5d88b',  '2028-02-26', 'RAKESH', 'rakesh@infosys.com');
-- CVV => 795 

INSERT INTO EK_RECOMMENDED_PRODUCT(RECOMMENDATION_ID, PRODUCT_ID, RECOMMENDATION_TIMESTAMP, RECOMMENDATION_STATUS, SELLER_EMAIL_ID) VALUES(5000001, 1004, '2017-12-21', 'INACTIVE', 'mark@infosys.com');
INSERT INTO EK_RECOMMENDED_PRODUCT(RECOMMENDATION_ID, PRODUCT_ID, RECOMMENDATION_TIMESTAMP, RECOMMENDATION_STATUS, SELLER_EMAIL_ID) VALUES(5000003, 1002, '2017-12-21', 'INACTIVE', 'brad@infosys.com');
INSERT INTO EK_RECOMMENDED_PRODUCT(RECOMMENDATION_ID, PRODUCT_ID, RECOMMENDATION_TIMESTAMP, RECOMMENDATION_STATUS, SELLER_EMAIL_ID) VALUES(5000004, 1001,'2015-12-21', 'INACTIVE', 'peter@infosys.com');
INSERT INTO EK_RECOMMENDED_PRODUCT(RECOMMENDATION_ID, PRODUCT_ID, RECOMMENDATION_TIMESTAMP, RECOMMENDATION_STATUS, SELLER_EMAIL_ID) VALUES(5000005, 1003,'2014-12-21', 'INACTIVE', 'mark@infosys.com');
INSERT INTO EK_RECOMMENDED_PRODUCT(RECOMMENDATION_ID, PRODUCT_ID, RECOMMENDATION_TIMESTAMP, RECOMMENDATION_STATUS, SELLER_EMAIL_ID) VALUES(5000006, 1003, '2013-12-21', 'INACTIVE', 'jack@infosys.com');
INSERT INTO EK_RECOMMENDED_PRODUCT(RECOMMENDATION_ID, PRODUCT_ID, RECOMMENDATION_TIMESTAMP, RECOMMENDATION_STATUS, SELLER_EMAIL_ID) VALUES(5000007, 1005, '2014-12-21', 'INACTIVE', 'mark@infosys.com');
INSERT INTO EK_RECOMMENDED_PRODUCT(RECOMMENDATION_ID, PRODUCT_ID, RECOMMENDATION_TIMESTAMP, RECOMMENDATION_STATUS, SELLER_EMAIL_ID) VALUES(5000008, 1005, '2017-12-21', 'INACTIVE', 'ken@infosys.com');
INSERT INTO EK_RECOMMENDED_PRODUCT(RECOMMENDATION_ID, PRODUCT_ID, RECOMMENDATION_TIMESTAMP, RECOMMENDATION_STATUS, SELLER_EMAIL_ID) VALUES(5000009, 1006, '2018-12-21', 'INACTIVE', 'mark@infosys.com');
INSERT INTO EK_RECOMMENDED_PRODUCT(RECOMMENDATION_ID, PRODUCT_ID, RECOMMENDATION_TIMESTAMP, RECOMMENDATION_STATUS, SELLER_EMAIL_ID) VALUES(5000010, 1005, '2017-01-21', 'INACTIVE', 'mark@infosys.com');
INSERT INTO EK_RECOMMENDED_PRODUCT(RECOMMENDATION_ID, PRODUCT_ID, RECOMMENDATION_TIMESTAMP, RECOMMENDATION_STATUS, SELLER_EMAIL_ID) VALUES(5000011, 1005, '2017-10-21', 'INACTIVE', 'jack@infosys.com');
INSERT INTO EK_RECOMMENDED_PRODUCT(RECOMMENDATION_ID, PRODUCT_ID, RECOMMENDATION_TIMESTAMP, RECOMMENDATION_STATUS, SELLER_EMAIL_ID) VALUES(5000012, 1005, '2017-11-21', 'INACTIVE', 'peter@infosys.com');
INSERT INTO EK_RECOMMENDED_PRODUCT(RECOMMENDATION_ID, PRODUCT_ID, RECOMMENDATION_TIMESTAMP, RECOMMENDATION_STATUS, SELLER_EMAIL_ID) VALUES(5000013, 1007, '2017-03-21', 'INACTIVE', 'brad@infosys.com');
INSERT INTO EK_RECOMMENDED_PRODUCT(RECOMMENDATION_ID, PRODUCT_ID, RECOMMENDATION_TIMESTAMP, RECOMMENDATION_STATUS, SELLER_EMAIL_ID) VALUES(5000014, 1008, '2017-07-21', 'INACTIVE', 'mark@infosys.com');
INSERT INTO EK_RECOMMENDED_PRODUCT(RECOMMENDATION_ID, PRODUCT_ID, RECOMMENDATION_TIMESTAMP, RECOMMENDATION_STATUS, SELLER_EMAIL_ID) VALUES(5000015, 1043, '2017-06-21', 'INACTIVE', 'robert@infosys.com');
INSERT INTO EK_RECOMMENDED_PRODUCT(RECOMMENDATION_ID, PRODUCT_ID, RECOMMENDATION_TIMESTAMP, RECOMMENDATION_STATUS, SELLER_EMAIL_ID) VALUES(5000016, 1044, '2017-08-21', 'INACTIVE', 'mark@infosys.com');
INSERT INTO EK_RECOMMENDED_PRODUCT(RECOMMENDATION_ID, PRODUCT_ID, RECOMMENDATION_TIMESTAMP, RECOMMENDATION_STATUS, SELLER_EMAIL_ID) VALUES(5000017, 1043, '2017-09-21', 'INACTIVE', 'peter@infosys.com');
INSERT INTO EK_RECOMMENDED_PRODUCT(RECOMMENDATION_ID, PRODUCT_ID, RECOMMENDATION_TIMESTAMP, RECOMMENDATION_STATUS, SELLER_EMAIL_ID) VALUES(5000018, 1010,'2018-12-21', 'INACTIVE', 'david@infosys.com');
INSERT INTO EK_RECOMMENDED_PRODUCT(RECOMMENDATION_ID, PRODUCT_ID, RECOMMENDATION_TIMESTAMP, RECOMMENDATION_STATUS, SELLER_EMAIL_ID) VALUES(5000019, 1009, '2017-12-16', 'INACTIVE', 'peter@infosys.com');
INSERT INTO EK_RECOMMENDED_PRODUCT(RECOMMENDATION_ID, PRODUCT_ID, RECOMMENDATION_TIMESTAMP, RECOMMENDATION_STATUS, SELLER_EMAIL_ID) VALUES(5000020, 1042, '2017-12-13', 'INACTIVE', 'peter@infosys.com');
INSERT INTO EK_RECOMMENDED_PRODUCT(RECOMMENDATION_ID, PRODUCT_ID, RECOMMENDATION_TIMESTAMP, RECOMMENDATION_STATUS, SELLER_EMAIL_ID) VALUES(5000021, 1045, '2017-12-29', 'INACTIVE', 'peter@infosys.com');
INSERT INTO EK_RECOMMENDED_PRODUCT(RECOMMENDATION_ID, PRODUCT_ID, RECOMMENDATION_TIMESTAMP, RECOMMENDATION_STATUS, SELLER_EMAIL_ID) VALUES(5000022, 1009, '2017-12-12', 'INACTIVE', 'mark@infosys.com');
INSERT INTO EK_RECOMMENDED_PRODUCT(RECOMMENDATION_ID, PRODUCT_ID, RECOMMENDATION_TIMESTAMP, RECOMMENDATION_STATUS, SELLER_EMAIL_ID) VALUES(5000023, 1012, '2019-02-01', 'INACTIVE', 'robert@infosys.com');
INSERT INTO EK_RECOMMENDED_PRODUCT(RECOMMENDATION_ID, PRODUCT_ID, RECOMMENDATION_TIMESTAMP, RECOMMENDATION_STATUS, SELLER_EMAIL_ID) VALUES(5000024, 1033, '2018-12-21', 'INACTIVE', 'peter@infosys.com');
INSERT INTO EK_RECOMMENDED_PRODUCT(RECOMMENDATION_ID, PRODUCT_ID, RECOMMENDATION_TIMESTAMP, RECOMMENDATION_STATUS, SELLER_EMAIL_ID) VALUES(5000025, 1032, '2016-12-21', 'INACTIVE', 'peter@infosys.com');
INSERT INTO EK_RECOMMENDED_PRODUCT(RECOMMENDATION_ID, PRODUCT_ID, RECOMMENDATION_TIMESTAMP, RECOMMENDATION_STATUS, SELLER_EMAIL_ID) VALUES(5000026, 1012, '2018-03-21', 'INACTIVE', 'jack@infosys.com');
INSERT INTO EK_RECOMMENDED_PRODUCT(RECOMMENDATION_ID, PRODUCT_ID, RECOMMENDATION_TIMESTAMP, RECOMMENDATION_STATUS, SELLER_EMAIL_ID) VALUES(5000027, 1024, '2017-02-21', 'INACTIVE', 'jack@infosys.com');
INSERT INTO EK_RECOMMENDED_PRODUCT(RECOMMENDATION_ID, PRODUCT_ID, RECOMMENDATION_TIMESTAMP, RECOMMENDATION_STATUS, SELLER_EMAIL_ID) VALUES(5000028, 1033, '2017-02-21', 'INACTIVE', 'jack@infosys.com');
INSERT INTO EK_RECOMMENDED_PRODUCT(RECOMMENDATION_ID, PRODUCT_ID, RECOMMENDATION_TIMESTAMP, RECOMMENDATION_STATUS, SELLER_EMAIL_ID) VALUES(5000029, 1052, '2017-04-21', 'INACTIVE', 'david@infosys.com');
INSERT INTO EK_RECOMMENDED_PRODUCT(RECOMMENDATION_ID, PRODUCT_ID, RECOMMENDATION_TIMESTAMP, RECOMMENDATION_STATUS, SELLER_EMAIL_ID) VALUES(5000030, 1035, '2017-03-21', 'INACTIVE', 'mark@infosys.com');
INSERT INTO EK_RECOMMENDED_PRODUCT(RECOMMENDATION_ID, PRODUCT_ID, RECOMMENDATION_TIMESTAMP, RECOMMENDATION_STATUS, SELLER_EMAIL_ID) VALUES(5000031, 1036, '2017-02-21', 'INACTIVE', 'david@infosys.com');
INSERT INTO EK_RECOMMENDED_PRODUCT(RECOMMENDATION_ID, PRODUCT_ID, RECOMMENDATION_TIMESTAMP, RECOMMENDATION_STATUS, SELLER_EMAIL_ID) VALUES(5000032, 1040, '2018-02-21', 'INACTIVE', 'peter@infosys.com');
INSERT INTO EK_RECOMMENDED_PRODUCT(RECOMMENDATION_ID, PRODUCT_ID, RECOMMENDATION_TIMESTAMP, RECOMMENDATION_STATUS, SELLER_EMAIL_ID) VALUES(5000033, 1016, '2019-02-21', 'INACTIVE', 'brad@infosys.com');
INSERT INTO EK_RECOMMENDED_PRODUCT(RECOMMENDATION_ID, PRODUCT_ID, RECOMMENDATION_TIMESTAMP, RECOMMENDATION_STATUS, SELLER_EMAIL_ID) VALUES(5000034, 1040, '2017-08-21', 'INACTIVE', 'jack@infosys.com');
INSERT INTO EK_RECOMMENDED_PRODUCT(RECOMMENDATION_ID, PRODUCT_ID, RECOMMENDATION_TIMESTAMP, RECOMMENDATION_STATUS, SELLER_EMAIL_ID) VALUES(5000035, 1023,'2017-09-21', 'INACTIVE', 'robert@infosys.com');
INSERT INTO EK_RECOMMENDED_PRODUCT(RECOMMENDATION_ID, PRODUCT_ID, RECOMMENDATION_TIMESTAMP, RECOMMENDATION_STATUS, SELLER_EMAIL_ID) VALUES(5000036, 1034,'2018-12-21', 'INACTIVE', 'peter@infosys.com');
INSERT INTO EK_RECOMMENDED_PRODUCT(RECOMMENDATION_ID, PRODUCT_ID, RECOMMENDATION_TIMESTAMP, RECOMMENDATION_STATUS, SELLER_EMAIL_ID) VALUES(5000037, 1035, '2019-01-21', 'ACTIVE', 'mark@infosys.com');
INSERT INTO EK_RECOMMENDED_PRODUCT(RECOMMENDATION_ID, PRODUCT_ID, RECOMMENDATION_TIMESTAMP, RECOMMENDATION_STATUS, SELLER_EMAIL_ID) VALUES(5000038, 1054, '2019-01-21', 'ACTIVE', 'robert@infosys.com');
INSERT INTO EK_RECOMMENDED_PRODUCT(RECOMMENDATION_ID, PRODUCT_ID, RECOMMENDATION_TIMESTAMP, RECOMMENDATION_STATUS, SELLER_EMAIL_ID) VALUES(5000039, 1034, '2018-12-21', 'ACTIVE', 'robert@infosys.com');
INSERT INTO EK_RECOMMENDED_PRODUCT(RECOMMENDATION_ID, PRODUCT_ID, RECOMMENDATION_TIMESTAMP, RECOMMENDATION_STATUS, SELLER_EMAIL_ID) VALUES(5000040, 1012, '2018-12-21', 'INACTIVE', 'peter@infosys.com');
INSERT INTO EK_RECOMMENDED_PRODUCT(RECOMMENDATION_ID, PRODUCT_ID, RECOMMENDATION_TIMESTAMP, RECOMMENDATION_STATUS, SELLER_EMAIL_ID) VALUES(5000041, 1015, '2017-12-21', 'ACTIVE', 'brad@infosys.com');
INSERT INTO EK_RECOMMENDED_PRODUCT(RECOMMENDATION_ID, PRODUCT_ID, RECOMMENDATION_TIMESTAMP, RECOMMENDATION_STATUS, SELLER_EMAIL_ID) VALUES(5000042, 1012, '2017-02-21', 'ACTIVE', 'brad@infosys.com');
INSERT INTO EK_RECOMMENDED_PRODUCT(RECOMMENDATION_ID, PRODUCT_ID, RECOMMENDATION_TIMESTAMP, RECOMMENDATION_STATUS, SELLER_EMAIL_ID) VALUES(5000043, 1012, '2017-06-28', 'ACTIVE', 'brad@infosys.com');
INSERT INTO EK_RECOMMENDED_PRODUCT(RECOMMENDATION_ID, PRODUCT_ID, RECOMMENDATION_TIMESTAMP, RECOMMENDATION_STATUS, SELLER_EMAIL_ID) VALUES(5000044, 1066, '2017-06-21', 'ACTIVE', 'brad@infosys.com');
INSERT INTO EK_RECOMMENDED_PRODUCT(RECOMMENDATION_ID, PRODUCT_ID, RECOMMENDATION_TIMESTAMP, RECOMMENDATION_STATUS, SELLER_EMAIL_ID) VALUES(5000045, 1045,'2017-06-21', 'ACTIVE', 'peter@infosys.com');
INSERT INTO EK_RECOMMENDED_PRODUCT(RECOMMENDATION_ID, PRODUCT_ID, RECOMMENDATION_TIMESTAMP, RECOMMENDATION_STATUS, SELLER_EMAIL_ID) VALUES(5000046, 1034, '2017-02-21', 'ACTIVE', 'jack@infosys.com');
INSERT INTO EK_RECOMMENDED_PRODUCT(RECOMMENDATION_ID, PRODUCT_ID, RECOMMENDATION_TIMESTAMP, RECOMMENDATION_STATUS, SELLER_EMAIL_ID) VALUES(5000047, 1025, '2017-02-20', 'ACTIVE', 'brad@infosys.com');
INSERT INTO EK_RECOMMENDED_PRODUCT(RECOMMENDATION_ID, PRODUCT_ID, RECOMMENDATION_TIMESTAMP, RECOMMENDATION_STATUS, SELLER_EMAIL_ID) VALUES(5000048, 1062, '2016-12-21', 'ACTIVE', 'brad@infosys.com');
INSERT INTO EK_RECOMMENDED_PRODUCT(RECOMMENDATION_ID, PRODUCT_ID, RECOMMENDATION_TIMESTAMP, RECOMMENDATION_STATUS, SELLER_EMAIL_ID) VALUES(5000049, 1015, '2018-12-21', 'ACTIVE', 'brad@infosys.com');
INSERT INTO EK_RECOMMENDED_PRODUCT(RECOMMENDATION_ID, PRODUCT_ID, RECOMMENDATION_TIMESTAMP, RECOMMENDATION_STATUS, SELLER_EMAIL_ID) VALUES(5000050, 1011, '2019-02-21', 'ACTIVE', 'brad@infosys.com');
INSERT INTO EK_RECOMMENDED_PRODUCT(RECOMMENDATION_ID, PRODUCT_ID, RECOMMENDATION_TIMESTAMP, RECOMMENDATION_STATUS, SELLER_EMAIL_ID) VALUES(5000051, 1010,'2018-12-21', 'ACTIVE', 'jack@infosys.com');
INSERT INTO EK_RECOMMENDED_PRODUCT(RECOMMENDATION_ID, PRODUCT_ID, RECOMMENDATION_TIMESTAMP, RECOMMENDATION_STATUS, SELLER_EMAIL_ID) VALUES(5000052, 1024, '2018-12-21', 'ACTIVE', 'jack@infosys.com');
INSERT INTO EK_RECOMMENDED_PRODUCT(RECOMMENDATION_ID, PRODUCT_ID, RECOMMENDATION_TIMESTAMP, RECOMMENDATION_STATUS, SELLER_EMAIL_ID) VALUES(5000053, 1024, '2017-02-01', 'ACTIVE', 'brad@infosys.com');
INSERT INTO EK_RECOMMENDED_PRODUCT(RECOMMENDATION_ID, PRODUCT_ID, RECOMMENDATION_TIMESTAMP, RECOMMENDATION_STATUS, SELLER_EMAIL_ID) VALUES(5000054, 1033, '2017-12-27', 'ACTIVE', 'robert@infosys.com');
INSERT INTO EK_RECOMMENDED_PRODUCT(RECOMMENDATION_ID, PRODUCT_ID, RECOMMENDATION_TIMESTAMP, RECOMMENDATION_STATUS, SELLER_EMAIL_ID) VALUES(5000055, 1023, '2017-12-28', 'ACTIVE', 'brad@infosys.com');
INSERT INTO EK_RECOMMENDED_PRODUCT(RECOMMENDATION_ID, PRODUCT_ID, RECOMMENDATION_TIMESTAMP, RECOMMENDATION_STATUS, SELLER_EMAIL_ID) VALUES(5000056, 1023, '2017-12-28', 'ACTIVE', 'brad@infosys.com');
INSERT INTO EK_RECOMMENDED_PRODUCT(RECOMMENDATION_ID, PRODUCT_ID, RECOMMENDATION_TIMESTAMP, RECOMMENDATION_STATUS, SELLER_EMAIL_ID) VALUES(5000057, 1038, '2017-12-27', 'ACTIVE', 'robert@infosys.com');
INSERT INTO EK_RECOMMENDED_PRODUCT(RECOMMENDATION_ID, PRODUCT_ID, RECOMMENDATION_TIMESTAMP, RECOMMENDATION_STATUS, SELLER_EMAIL_ID) VALUES(5000058, 1047, '2017-02-21', 'ACTIVE', 'brad@infosys.com');
INSERT INTO EK_RECOMMENDED_PRODUCT(RECOMMENDATION_ID, PRODUCT_ID, RECOMMENDATION_TIMESTAMP, RECOMMENDATION_STATUS, SELLER_EMAIL_ID) VALUES(5000059, 1024, '2017-01-21', 'ACTIVE', 'brad@infosys.com');


INSERT INTO EK_DEALS_FOR_TODAY(DEAL_ID, PRODUCT_ID, DEAL_DISCOUNT, DEAL_STARTS_AT, DEAL_ENDS_AT, SELLER_EMAIL_ID) VALUES(501001, 1004, 15.00, STR_TO_DATE(CONCAT(DATE_FORMAT(SYSDATE()-INTERVAL 40 DAY, '%d-%b-%Y'), ' 4:00:00'), '%d-%b-%Y %H:%i:%s'), STR_TO_DATE(CONCAT(DATE_FORMAT(SYSDATE()-INTERVAL 40 DAY, '%d-%b-%Y'), ' 22:00:00'), '%d-%b-%Y %H:%i:%s'), 'jack@infosys.com');
INSERT INTO EK_DEALS_FOR_TODAY(DEAL_ID, PRODUCT_ID, DEAL_DISCOUNT, DEAL_STARTS_AT, DEAL_ENDS_AT, SELLER_EMAIL_ID) VALUES(501002, 1034, 10.00, STR_TO_DATE(CONCAT(DATE_FORMAT(SYSDATE()-INTERVAL 40 DAY, '%d-%b-%Y'), ' 4:24:00'), '%d-%b-%Y %H:%i:%s'), STR_TO_DATE(CONCAT(DATE_FORMAT(SYSDATE()-INTERVAL 40 DAY, '%d-%b-%Y'), ' 20:20:00'), '%d-%b-%Y %H:%i:%s'), 'brad@infosys.com');
INSERT INTO EK_DEALS_FOR_TODAY(DEAL_ID, PRODUCT_ID, DEAL_DISCOUNT, DEAL_STARTS_AT, DEAL_ENDS_AT, SELLER_EMAIL_ID) VALUES(501003, 1045, 20.00, STR_TO_DATE(CONCAT(DATE_FORMAT(SYSDATE()-INTERVAL 40 DAY, '%d-%b-%Y'), ' 1:00:00'), '%d-%b-%Y %H:%i:%s'), STR_TO_DATE(CONCAT(DATE_FORMAT(SYSDATE()-INTERVAL 40 DAY, '%d-%b-%Y'), ' 18:00:00'), '%d-%b-%Y %H:%i:%s'), 'peter@infosys.com');
INSERT INTO EK_DEALS_FOR_TODAY(DEAL_ID, PRODUCT_ID, DEAL_DISCOUNT, DEAL_STARTS_AT, DEAL_ENDS_AT, SELLER_EMAIL_ID) VALUES(501004, 1034, 40.00, STR_TO_DATE(CONCAT(DATE_FORMAT(SYSDATE()-INTERVAL 32 DAY, '%d-%b-%Y'), ' 2:30:00'), '%d-%b-%Y %H:%i:%s'), STR_TO_DATE(CONCAT(DATE_FORMAT(SYSDATE()-INTERVAL 32 DAY, '%d-%b-%Y'), ' 22:10:00'), '%d-%b-%Y %H:%i:%s'), 'brad@infosys.com');
INSERT INTO EK_DEALS_FOR_TODAY(DEAL_ID, PRODUCT_ID, DEAL_DISCOUNT, DEAL_STARTS_AT, DEAL_ENDS_AT, SELLER_EMAIL_ID) VALUES(501005, 1052, 18.00, STR_TO_DATE(CONCAT(DATE_FORMAT(SYSDATE()-INTERVAL 24 DAY, '%d-%b-%Y'), ' 4:30:00'), '%d-%b-%Y %H:%i:%s'), STR_TO_DATE(CONCAT(DATE_FORMAT(SYSDATE()-INTERVAL 24 DAY, '%d-%b-%Y'), ' 22:50:00'), '%d-%b-%Y %H:%i:%s'), 'robert@infosys.com');
INSERT INTO EK_DEALS_FOR_TODAY(DEAL_ID, PRODUCT_ID, DEAL_DISCOUNT, DEAL_STARTS_AT, DEAL_ENDS_AT, SELLER_EMAIL_ID) VALUES(501006, 1024, 20.00, STR_TO_DATE(CONCAT(DATE_FORMAT(SYSDATE()-INTERVAL 24 DAY, '%d-%b-%Y'), ' 6:00:00'), '%d-%b-%Y %H:%i:%s'), STR_TO_DATE(CONCAT(DATE_FORMAT(SYSDATE()-INTERVAL 24 DAY, '%d-%b-%Y'), ' 18:00:00'), '%d-%b-%Y %H:%i:%s'), 'ken@infosys.com');
INSERT INTO EK_DEALS_FOR_TODAY(DEAL_ID, PRODUCT_ID, DEAL_DISCOUNT, DEAL_STARTS_AT, DEAL_ENDS_AT, SELLER_EMAIL_ID) VALUES(501007, 1011, 25.00, STR_TO_DATE(CONCAT(DATE_FORMAT(SYSDATE()-INTERVAL 24 DAY, '%d-%b-%Y'), ' 7:00:00'), '%d-%b-%Y %H:%i:%s'), STR_TO_DATE(CONCAT(DATE_FORMAT(SYSDATE()-INTERVAL 24 DAY, '%d-%b-%Y'), ' 23:00:00'), '%d-%b-%Y %H:%i:%s'), 'mark@infosys.com');
INSERT INTO EK_DEALS_FOR_TODAY(DEAL_ID, PRODUCT_ID, DEAL_DISCOUNT, DEAL_STARTS_AT, DEAL_ENDS_AT, SELLER_EMAIL_ID) VALUES(501008, 1044, 40.00, STR_TO_DATE(CONCAT(DATE_FORMAT(SYSDATE()-INTERVAL 24 DAY, '%d-%b-%Y'), ' 1:00:00'), '%d-%b-%Y %H:%i:%s'), STR_TO_DATE(CONCAT(DATE_FORMAT(SYSDATE()-INTERVAL 24 DAY, '%d-%b-%Y'), ' 23:00:00'), '%d-%b-%Y %H:%i:%s'), 'peter@infosys.com');
INSERT INTO EK_DEALS_FOR_TODAY(DEAL_ID, PRODUCT_ID, DEAL_DISCOUNT, DEAL_STARTS_AT, DEAL_ENDS_AT, SELLER_EMAIL_ID) VALUES(501009, 1014, 30.00, STR_TO_DATE(CONCAT(DATE_FORMAT(SYSDATE()-INTERVAL 24 DAY, '%d-%b-%Y'), ' 18:00:00'), '%d-%b-%Y %H:%i:%s'), STR_TO_DATE(CONCAT(DATE_FORMAT(SYSDATE()-INTERVAL 24 DAY, '%d-%b-%Y'), ' 20:00:00'), '%d-%b-%Y %H:%i:%s'), 'mark@infosys.com');
INSERT INTO EK_DEALS_FOR_TODAY(DEAL_ID, PRODUCT_ID, DEAL_DISCOUNT, DEAL_STARTS_AT, DEAL_ENDS_AT, SELLER_EMAIL_ID) VALUES(501010, 1041, 35.00, STR_TO_DATE(CONCAT(DATE_FORMAT(SYSDATE()-INTERVAL 15 DAY, '%d-%b-%Y'), ' 5:30:00'), '%d-%b-%Y %H:%i:%s'), STR_TO_DATE(CONCAT(DATE_FORMAT(SYSDATE()-INTERVAL 15 DAY, '%d-%b-%Y'), ' 10:30:00'), '%d-%b-%Y %H:%i:%s'), 'peter@infosys.com');
INSERT INTO EK_DEALS_FOR_TODAY(DEAL_ID, PRODUCT_ID, DEAL_DISCOUNT, DEAL_STARTS_AT, DEAL_ENDS_AT, SELLER_EMAIL_ID) VALUES(501011, 1026, 15.00, STR_TO_DATE(CONCAT(DATE_FORMAT(SYSDATE()-INTERVAL 15 DAY, '%d-%b-%Y'), ' 3:00:00'), '%d-%b-%Y %H:%i:%s'), STR_TO_DATE(CONCAT(DATE_FORMAT(SYSDATE()-INTERVAL 15 DAY, '%d-%b-%Y'), ' 22:00:00'), '%d-%b-%Y %H:%i:%s'), 'ken@infosys.com');
INSERT INTO EK_DEALS_FOR_TODAY(DEAL_ID, PRODUCT_ID, DEAL_DISCOUNT, DEAL_STARTS_AT, DEAL_ENDS_AT, SELLER_EMAIL_ID) VALUES(501012, 1062, 25.00, STR_TO_DATE(CONCAT(DATE_FORMAT(SYSDATE()-INTERVAL 9 DAY, '%d-%b-%Y'), ' 3:00:00'), '%d-%b-%Y %H:%i:%s'), STR_TO_DATE(CONCAT(DATE_FORMAT(SYSDATE()-INTERVAL 9 DAY, '%d-%b-%Y'), ' 22:00:00'), '%d-%b-%Y %H:%i:%s'), 'david@infosys.com');
INSERT INTO EK_DEALS_FOR_TODAY(DEAL_ID, PRODUCT_ID, DEAL_DISCOUNT, DEAL_STARTS_AT, DEAL_ENDS_AT, SELLER_EMAIL_ID) VALUES(501013, 1065, 15.00, STR_TO_DATE(CONCAT(DATE_FORMAT(SYSDATE()-INTERVAL 9 DAY, '%d-%b-%Y'), ' 2:20:00'), '%d-%b-%Y %H:%i:%s'), STR_TO_DATE(CONCAT(DATE_FORMAT(SYSDATE()-INTERVAL 9 DAY, '%d-%b-%Y'), ' 20:20:00'), '%d-%b-%Y %H:%i:%s'), 'charles@infosys.com');
INSERT INTO EK_DEALS_FOR_TODAY(DEAL_ID, PRODUCT_ID, DEAL_DISCOUNT, DEAL_STARTS_AT, DEAL_ENDS_AT, SELLER_EMAIL_ID) VALUES(501014, 1004, 10.00, STR_TO_DATE(CONCAT(DATE_FORMAT(SYSDATE()-INTERVAL 9 DAY, '%d-%b-%Y'), ' 9:00:00'), '%d-%b-%Y %H:%i:%s'), STR_TO_DATE(CONCAT(DATE_FORMAT(SYSDATE()-INTERVAL 9 DAY, '%d-%b-%Y'), ' 23:00:00'), '%d-%b-%Y %H:%i:%s'), 'jack@infosys.com');
INSERT INTO EK_DEALS_FOR_TODAY(DEAL_ID, PRODUCT_ID, DEAL_DISCOUNT, DEAL_STARTS_AT, DEAL_ENDS_AT, SELLER_EMAIL_ID) VALUES(501015, 1072, 20.00, STR_TO_DATE(CONCAT(DATE_FORMAT(SYSDATE()-INTERVAL 4 DAY, '%d-%b-%Y'), ' 8:33:00'), '%d-%b-%Y %H:%i:%s'), STR_TO_DATE(CONCAT(DATE_FORMAT(SYSDATE()-INTERVAL 4 DAY, '%d-%b-%Y'), ' 12:30:00'), '%d-%b-%Y %H:%i:%s'), 'charles@infosys.com');
INSERT INTO EK_DEALS_FOR_TODAY(DEAL_ID, PRODUCT_ID, DEAL_DISCOUNT, DEAL_STARTS_AT, DEAL_ENDS_AT, SELLER_EMAIL_ID) VALUES(501016, 1066, 25.00, STR_TO_DATE(CONCAT(DATE_FORMAT(SYSDATE()-INTERVAL 4 DAY, '%d-%b-%Y'), ' 6:00:00'), '%d-%b-%Y %H:%i:%s'), STR_TO_DATE(CONCAT(DATE_FORMAT(SYSDATE()-INTERVAL 4 DAY, '%d-%b-%Y'), ' 17:00:00'), '%d-%b-%Y %H:%i:%s'), 'charles@infosys.com');
INSERT INTO EK_DEALS_FOR_TODAY(DEAL_ID, PRODUCT_ID, DEAL_DISCOUNT, DEAL_STARTS_AT, DEAL_ENDS_AT, SELLER_EMAIL_ID) VALUES(501017, 1022, 35.00, STR_TO_DATE(CONCAT(DATE_FORMAT(SYSDATE(), '%d-%b-%Y'), ' 3:00:00'), '%d-%b-%Y %H:%i:%s'), STR_TO_DATE(CONCAT(DATE_FORMAT(SYSDATE(), '%d-%b-%Y'), ' 21:00:00'), '%d-%b-%Y %H:%i:%s'), 'ken@infosys.com');
INSERT INTO EK_DEALS_FOR_TODAY(DEAL_ID, PRODUCT_ID, DEAL_DISCOUNT, DEAL_STARTS_AT, DEAL_ENDS_AT, SELLER_EMAIL_ID) VALUES(501018, 1026, 30.00, STR_TO_DATE(CONCAT(DATE_FORMAT(SYSDATE(), '%d-%b-%Y'), ' 2:00:00'), '%d-%b-%Y %H:%i:%s'), STR_TO_DATE(CONCAT(DATE_FORMAT(SYSDATE(), '%d-%b-%Y'), ' 6:00:00'), '%d-%b-%Y %H:%i:%s'), 'ken@infosys.com');
INSERT INTO EK_DEALS_FOR_TODAY(DEAL_ID, PRODUCT_ID, DEAL_DISCOUNT, DEAL_STARTS_AT, DEAL_ENDS_AT, SELLER_EMAIL_ID) VALUES(501019, 1015, 25.00, STR_TO_DATE(CONCAT(DATE_FORMAT(SYSDATE(), '%d-%b-%Y'), ' 1:00:00'), '%d-%b-%Y %H:%i:%s'), STR_TO_DATE(CONCAT(DATE_FORMAT(SYSDATE(), '%d-%b-%Y'), ' 3:00:00'), '%d-%b-%Y %H:%i:%s'), 'mark@infosys.com');
INSERT INTO EK_DEALS_FOR_TODAY(DEAL_ID, PRODUCT_ID, DEAL_DISCOUNT, DEAL_STARTS_AT, DEAL_ENDS_AT, SELLER_EMAIL_ID) VALUES(501020, 1059, 10.00, STR_TO_DATE(CONCAT(DATE_FORMAT(SYSDATE(), '%d-%b-%Y'), ' 1:30:00'), '%d-%b-%Y %H:%i:%s'), STR_TO_DATE(CONCAT(DATE_FORMAT(SYSDATE(), '%d-%b-%Y'), ' 8:00:00'), '%d-%b-%Y %H:%i:%s'), 'david@infosys.com');
INSERT INTO EK_DEALS_FOR_TODAY(DEAL_ID, PRODUCT_ID, DEAL_DISCOUNT, DEAL_STARTS_AT, DEAL_ENDS_AT, SELLER_EMAIL_ID) VALUES(501021, 1007, 20.00, STR_TO_DATE(CONCAT(DATE_FORMAT(SYSDATE(), '%d-%b-%Y'), ' 8:00:00'), '%d-%b-%Y %H:%i:%s'), STR_TO_DATE(CONCAT(DATE_FORMAT(SYSDATE(), '%d-%b-%Y'), ' 12:30:00'), '%d-%b-%Y %H:%i:%s'), 'jack@infosys.com');
INSERT INTO EK_DEALS_FOR_TODAY(DEAL_ID, PRODUCT_ID, DEAL_DISCOUNT, DEAL_STARTS_AT, DEAL_ENDS_AT, SELLER_EMAIL_ID) VALUES(501022, 1008, 25.00, STR_TO_DATE(CONCAT(DATE_FORMAT(SYSDATE(), '%d-%b-%Y'), ' 9:30:00'), '%d-%b-%Y %H:%i:%s'), STR_TO_DATE(CONCAT(DATE_FORMAT(SYSDATE(), '%d-%b-%Y'), ' 22:00:00'), '%d-%b-%Y %H:%i:%s'), 'jack@infosys.com');
INSERT INTO EK_DEALS_FOR_TODAY(DEAL_ID, PRODUCT_ID, DEAL_DISCOUNT, DEAL_STARTS_AT, DEAL_ENDS_AT, SELLER_EMAIL_ID) VALUES(501023, 1002, 30.00, STR_TO_DATE(CONCAT(DATE_FORMAT(SYSDATE(), '%d-%b-%Y'), ' 10:00:00'), '%d-%b-%Y %H:%i:%s'), STR_TO_DATE(CONCAT(DATE_FORMAT(SYSDATE(), '%d-%b-%Y'), ' 22:00:00'), '%d-%b-%Y %H:%i:%s'), 'jack@infosys.com');
INSERT INTO EK_DEALS_FOR_TODAY(DEAL_ID, PRODUCT_ID, DEAL_DISCOUNT, DEAL_STARTS_AT, DEAL_ENDS_AT, SELLER_EMAIL_ID) VALUES(501024, 1055, 50.00, STR_TO_DATE(CONCAT(DATE_FORMAT(SYSDATE(), '%d-%b-%Y'), ' 8:20:00'), '%d-%b-%Y %H:%i:%s'), STR_TO_DATE(CONCAT(DATE_FORMAT(SYSDATE(), '%d-%b-%Y'), ' 20:20:00'), '%d-%b-%Y %H:%i:%s'), 'david@infosys.com');
INSERT INTO EK_DEALS_FOR_TODAY(DEAL_ID, PRODUCT_ID, DEAL_DISCOUNT, DEAL_STARTS_AT, DEAL_ENDS_AT, SELLER_EMAIL_ID) VALUES(501025, 1073, 45.00, STR_TO_DATE(CONCAT(DATE_FORMAT(SYSDATE(), '%d-%b-%Y'), ' 6:00:00'), '%d-%b-%Y %H:%i:%s'), STR_TO_DATE(CONCAT(DATE_FORMAT(SYSDATE(), '%d-%b-%Y'), ' 19:00:00'), '%d-%b-%Y %H:%i:%s'), 'charles@infosys.com');
INSERT INTO EK_DEALS_FOR_TODAY(DEAL_ID, PRODUCT_ID, DEAL_DISCOUNT, DEAL_STARTS_AT, DEAL_ENDS_AT, SELLER_EMAIL_ID) VALUES(501026, 1046, 35.00, STR_TO_DATE(CONCAT(DATE_FORMAT(SYSDATE(), '%d-%b-%Y'), ' 12:00:00'), '%d-%b-%Y %H:%i:%s'), STR_TO_DATE(CONCAT(DATE_FORMAT(SYSDATE(), '%d-%b-%Y'), ' 18:00:00'), '%d-%b-%Y %H:%i:%s'), 'robert@infosys.com');
INSERT INTO EK_DEALS_FOR_TODAY(DEAL_ID, PRODUCT_ID, DEAL_DISCOUNT, DEAL_STARTS_AT, DEAL_ENDS_AT, SELLER_EMAIL_ID) VALUES(501027, 1071, 40.00, STR_TO_DATE(CONCAT(DATE_FORMAT(SYSDATE(), '%d-%b-%Y'), ' 14:00:00'), '%d-%b-%Y %H:%i:%s'), STR_TO_DATE(CONCAT(DATE_FORMAT(SYSDATE(), '%d-%b-%Y'), ' 15:00:00'), '%d-%b-%Y %H:%i:%s'), 'charles@infosys.com');
INSERT INTO EK_DEALS_FOR_TODAY(DEAL_ID, PRODUCT_ID, DEAL_DISCOUNT, DEAL_STARTS_AT, DEAL_ENDS_AT, SELLER_EMAIL_ID) VALUES(501028, 1016, 15.00, STR_TO_DATE(CONCAT(DATE_FORMAT(SYSDATE(), '%d-%b-%Y'), ' 11:00:00'), '%d-%b-%Y %H:%i:%s'), STR_TO_DATE(CONCAT(DATE_FORMAT(SYSDATE(), '%d-%b-%Y'), ' 13:00:00'), '%d-%b-%Y %H:%i:%s'), 'mark@infosys.com');
INSERT INTO EK_DEALS_FOR_TODAY(DEAL_ID, PRODUCT_ID, DEAL_DISCOUNT, DEAL_STARTS_AT, DEAL_ENDS_AT, SELLER_EMAIL_ID) VALUES(501029, 1062, 25.00, STR_TO_DATE(CONCAT(DATE_FORMAT(SYSDATE(), '%d-%b-%Y'), ' 16:00:00'), '%d-%b-%Y %H:%i:%s'), STR_TO_DATE(CONCAT(DATE_FORMAT(SYSDATE(), '%d-%b-%Y'), ' 18:00:00'), '%d-%b-%Y %H:%i:%s'), 'david@infosys.com');
INSERT INTO EK_DEALS_FOR_TODAY(DEAL_ID, PRODUCT_ID, DEAL_DISCOUNT, DEAL_STARTS_AT, DEAL_ENDS_AT, SELLER_EMAIL_ID) VALUES(501030, 1026, 30.00, STR_TO_DATE(CONCAT(DATE_FORMAT(SYSDATE(), '%d-%b-%Y'), ' 18:00:00'), '%d-%b-%Y %H:%i:%s'), STR_TO_DATE(CONCAT(DATE_FORMAT(SYSDATE(), '%d-%b-%Y'), ' 22:00:00'), '%d-%b-%Y %H:%i:%s'), 'ken@infosys.com');
INSERT INTO EK_DEALS_FOR_TODAY(DEAL_ID, PRODUCT_ID, DEAL_DISCOUNT, DEAL_STARTS_AT, DEAL_ENDS_AT, SELLER_EMAIL_ID) VALUES(501031, 1038, 20.00, STR_TO_DATE(CONCAT(DATE_FORMAT(SYSDATE(), '%d-%b-%Y'), ' 20:00:00'), '%d-%b-%Y %H:%i:%s'), STR_TO_DATE(CONCAT(DATE_FORMAT(SYSDATE(), '%d-%b-%Y'), ' 22:00:00'), '%d-%b-%Y %H:%i:%s'), 'peter@infosys.com');
INSERT INTO EK_DEALS_FOR_TODAY(DEAL_ID, PRODUCT_ID, DEAL_DISCOUNT, DEAL_STARTS_AT, DEAL_ENDS_AT, SELLER_EMAIL_ID) VALUES(501032, 1004, 35.00, STR_TO_DATE(CONCAT(DATE_FORMAT(SYSDATE(), '%d-%b-%Y'), ' 20:23:00'), '%d-%b-%Y %H:%i:%s'), STR_TO_DATE(CONCAT(DATE_FORMAT(SYSDATE(), '%d-%b-%Y'), ' 23:56:00'), '%d-%b-%Y %H:%i:%s'), 'jack@infosys.com');
INSERT INTO EK_DEALS_FOR_TODAY(DEAL_ID, PRODUCT_ID, DEAL_DISCOUNT, DEAL_STARTS_AT, DEAL_ENDS_AT, SELLER_EMAIL_ID) VALUES(501033, 1056, 40.00, STR_TO_DATE(CONCAT(DATE_FORMAT(SYSDATE(), '%d-%b-%Y'), ' 22:00:00'), '%d-%b-%Y %H:%i:%s'), STR_TO_DATE(CONCAT(DATE_FORMAT(SYSDATE(), '%d-%b-%Y'), ' 23:00:00'), '%d-%b-%Y %H:%i:%s'), 'david@infosys.com');
INSERT INTO EK_DEALS_FOR_TODAY(DEAL_ID, PRODUCT_ID, DEAL_DISCOUNT, DEAL_STARTS_AT, DEAL_ENDS_AT, SELLER_EMAIL_ID) VALUES(501034, 1068, 45.00, STR_TO_DATE(CONCAT(DATE_FORMAT(SYSDATE()+INTERVAL 1 DAY, '%d-%b-%Y'), ' 6:00:00'), '%d-%b-%Y %H:%i:%s'), STR_TO_DATE(CONCAT(DATE_FORMAT(SYSDATE()+INTERVAL 1 DAY, '%d-%b-%Y'), ' 14:00:00'), '%d-%b-%Y %H:%i:%s'), 'charles@infosys.com');
INSERT INTO EK_DEALS_FOR_TODAY(DEAL_ID, PRODUCT_ID, DEAL_DISCOUNT, DEAL_STARTS_AT, DEAL_ENDS_AT, SELLER_EMAIL_ID) VALUES(501035, 1035, 30.00, STR_TO_DATE(CONCAT(DATE_FORMAT(SYSDATE()+INTERVAL 2 DAY, '%d-%b-%Y'), ' 8:00:00'), '%d-%b-%Y %H:%i:%s'), STR_TO_DATE(CONCAT(DATE_FORMAT(SYSDATE()+INTERVAL 2 DAY, '%d-%b-%Y'), ' 16:00:00'), '%d-%b-%Y %H:%i:%s'), 'brad@infosys.com');
INSERT INTO EK_DEALS_FOR_TODAY(DEAL_ID, PRODUCT_ID, DEAL_DISCOUNT, DEAL_STARTS_AT, DEAL_ENDS_AT, SELLER_EMAIL_ID) VALUES(501036, 1053, 50.00, STR_TO_DATE(CONCAT(DATE_FORMAT(SYSDATE()+INTERVAL 2 DAY, '%d-%b-%Y'), ' 8:00:00'), '%d-%b-%Y %H:%i:%s'), STR_TO_DATE(CONCAT(DATE_FORMAT(SYSDATE()+INTERVAL 2 DAY, '%d-%b-%Y'), ' 12:00:00'), '%d-%b-%Y %H:%i:%s'), 'robert@infosys.com');
INSERT INTO EK_DEALS_FOR_TODAY(DEAL_ID, PRODUCT_ID, DEAL_DISCOUNT, DEAL_STARTS_AT, DEAL_ENDS_AT, SELLER_EMAIL_ID) VALUES(501037, 1003, 45.00, STR_TO_DATE(CONCAT(DATE_FORMAT(SYSDATE()+INTERVAL 4 DAY, '%d-%b-%Y'), ' 18:00:00'), '%d-%b-%Y %H:%i:%s'), STR_TO_DATE(CONCAT(DATE_FORMAT(SYSDATE()+INTERVAL 4 DAY, '%d-%b-%Y'), ' 20:00:00'), '%d-%b-%Y %H:%i:%s'), 'jack@infosys.com');
INSERT INTO EK_DEALS_FOR_TODAY(DEAL_ID, PRODUCT_ID, DEAL_DISCOUNT, DEAL_STARTS_AT, DEAL_ENDS_AT, SELLER_EMAIL_ID) VALUES(501038, 1033, 30.00, STR_TO_DATE(CONCAT(DATE_FORMAT(SYSDATE()+INTERVAL 4 DAY, '%d-%b-%Y'), ' 12:00:00'), '%d-%b-%Y %H:%i:%s'), STR_TO_DATE(CONCAT(DATE_FORMAT(SYSDATE()+INTERVAL 4 DAY, '%d-%b-%Y'), ' 12:45:00'), '%d-%b-%Y %H:%i:%s'), 'brad@infosys.com');
INSERT INTO EK_DEALS_FOR_TODAY(DEAL_ID, PRODUCT_ID, DEAL_DISCOUNT, DEAL_STARTS_AT, DEAL_ENDS_AT, SELLER_EMAIL_ID) VALUES(501039, 1035, 30.00, STR_TO_DATE(CONCAT(DATE_FORMAT(SYSDATE()+INTERVAL 5 DAY, '%d-%b-%Y'), ' 16:00:00'), '%d-%b-%Y %H:%i:%s'), STR_TO_DATE(CONCAT(DATE_FORMAT(SYSDATE()+INTERVAL 5 DAY, '%d-%b-%Y'), ' 19:30:00'), '%d-%b-%Y %H:%i:%s'), 'brad@infosys.com');


INSERT INTO EK_CUSTOMER_WISHLIST(WISHLIST_ID, PRODUCT_ID, PRODUCT_ADDED_DATE, CUSTOMER_EMAIL_ID) VALUES(601001, 1004, STR_TO_DATE(CONCAT(DATE_FORMAT(SYSDATE()-INTERVAL 40 DAY, '%d-%b-%Y'), ' 4:00:00'), '%d-%b-%Y %H:%i:%s'), 'tom@infosys.com');
INSERT INTO EK_CUSTOMER_WISHLIST(WISHLIST_ID, PRODUCT_ID, PRODUCT_ADDED_DATE, CUSTOMER_EMAIL_ID) VALUES(601002, 1034, STR_TO_DATE(CONCAT(DATE_FORMAT(SYSDATE()-INTERVAL 12 DAY, '%d-%b-%Y'), ' 4:00:00'), '%d-%b-%Y %H:%i:%s'), 'animesh@infosys.com');
INSERT INTO EK_CUSTOMER_WISHLIST(WISHLIST_ID, PRODUCT_ID, PRODUCT_ADDED_DATE, CUSTOMER_EMAIL_ID) VALUES(601003, 1045, STR_TO_DATE(CONCAT(DATE_FORMAT(SYSDATE()-INTERVAL 21 DAY, '%d-%b-%Y'), ' 4:00:00'), '%d-%b-%Y %H:%i:%s'), 'steve@infosys.com');
INSERT INTO EK_CUSTOMER_WISHLIST(WISHLIST_ID, PRODUCT_ID, PRODUCT_ADDED_DATE, CUSTOMER_EMAIL_ID) VALUES(601004, 1034, STR_TO_DATE(CONCAT(DATE_FORMAT(SYSDATE()-INTERVAL 2 DAY, '%d-%b-%Y'), ' 4:00:00'), '%d-%b-%Y %H:%i:%s'), 'rakesh@infosys.com');
INSERT INTO EK_CUSTOMER_WISHLIST(WISHLIST_ID, PRODUCT_ID, PRODUCT_ADDED_DATE, CUSTOMER_EMAIL_ID) VALUES(601005, 1052, STR_TO_DATE(CONCAT(DATE_FORMAT(SYSDATE()-INTERVAL 6 DAY, '%d-%b-%Y'), ' 4:00:00'), '%d-%b-%Y %H:%i:%s'), 'animesh@infosys.com');
INSERT INTO EK_CUSTOMER_WISHLIST(WISHLIST_ID, PRODUCT_ID, PRODUCT_ADDED_DATE, CUSTOMER_EMAIL_ID) VALUES(601006, 1024, STR_TO_DATE(CONCAT(DATE_FORMAT(SYSDATE()-INTERVAL 57 DAY, '%d-%b-%Y'), ' 4:00:00'), '%d-%b-%Y %H:%i:%s'), 'harry@infosys.com');
INSERT INTO EK_CUSTOMER_WISHLIST(WISHLIST_ID, PRODUCT_ID, PRODUCT_ADDED_DATE, CUSTOMER_EMAIL_ID) VALUES(601007, 1011, STR_TO_DATE(CONCAT(DATE_FORMAT(SYSDATE()-INTERVAL 43 DAY, '%d-%b-%Y'), ' 4:00:00'), '%d-%b-%Y %H:%i:%s'), 'tom@infosys.com');
INSERT INTO EK_CUSTOMER_WISHLIST(WISHLIST_ID, PRODUCT_ID, PRODUCT_ADDED_DATE, CUSTOMER_EMAIL_ID) VALUES(601008, 1044, STR_TO_DATE(CONCAT(DATE_FORMAT(SYSDATE()-INTERVAL 233 DAY, '%d-%b-%Y'), ' 4:00:00'), '%d-%b-%Y %H:%i:%s'), 'punya@infosys.com');
INSERT INTO EK_CUSTOMER_WISHLIST(WISHLIST_ID, PRODUCT_ID, PRODUCT_ADDED_DATE, CUSTOMER_EMAIL_ID) VALUES(601009, 1014, STR_TO_DATE(CONCAT(DATE_FORMAT(SYSDATE()-INTERVAL 43 DAY, '%d-%b-%Y'), ' 4:00:00'), '%d-%b-%Y %H:%i:%s'), 'rakesh@infosys.com');
INSERT INTO EK_CUSTOMER_WISHLIST(WISHLIST_ID, PRODUCT_ID, PRODUCT_ADDED_DATE, CUSTOMER_EMAIL_ID) VALUES(601010, 1041, STR_TO_DATE(CONCAT(DATE_FORMAT(SYSDATE()-INTERVAL 232 DAY, '%d-%b-%Y'), ' 4:00:00'), '%d-%b-%Y %H:%i:%s'), 'john@infosys.com');
INSERT INTO EK_CUSTOMER_WISHLIST(WISHLIST_ID, PRODUCT_ID, PRODUCT_ADDED_DATE, CUSTOMER_EMAIL_ID) VALUES(601011, 1026, STR_TO_DATE(CONCAT(DATE_FORMAT(SYSDATE()-INTERVAL 35 DAY, '%d-%b-%Y'), ' 4:00:00'), '%d-%b-%Y %H:%i:%s'), 'rakesh@infosys.com');
INSERT INTO EK_CUSTOMER_WISHLIST(WISHLIST_ID, PRODUCT_ID, PRODUCT_ADDED_DATE, CUSTOMER_EMAIL_ID) VALUES(601012, 1062, STR_TO_DATE(CONCAT(DATE_FORMAT(SYSDATE()-INTERVAL 31 DAY, '%d-%b-%Y'), ' 4:00:00'), '%d-%b-%Y %H:%i:%s'), 'tom@infosys.com');
INSERT INTO EK_CUSTOMER_WISHLIST(WISHLIST_ID, PRODUCT_ID, PRODUCT_ADDED_DATE, CUSTOMER_EMAIL_ID) VALUES(601013, 1065, STR_TO_DATE(CONCAT(DATE_FORMAT(SYSDATE()-INTERVAL 6 DAY, '%d-%b-%Y'), ' 4:00:00'), '%d-%b-%Y %H:%i:%s'), 'rakesh@infosys.com');
INSERT INTO EK_CUSTOMER_WISHLIST(WISHLIST_ID, PRODUCT_ID, PRODUCT_ADDED_DATE, CUSTOMER_EMAIL_ID) VALUES(601014, 1004, STR_TO_DATE(CONCAT(DATE_FORMAT(SYSDATE()-INTERVAL 767 DAY, '%d-%b-%Y'), ' 4:00:00'), '%d-%b-%Y %H:%i:%s'), 'animesh@infosys.com');
INSERT INTO EK_CUSTOMER_WISHLIST(WISHLIST_ID, PRODUCT_ID, PRODUCT_ADDED_DATE, CUSTOMER_EMAIL_ID) VALUES(601015, 1072, STR_TO_DATE(CONCAT(DATE_FORMAT(SYSDATE()-INTERVAL 134 DAY, '%d-%b-%Y'), ' 4:00:00'), '%d-%b-%Y %H:%i:%s'), 'harry@infosys.com');
INSERT INTO EK_CUSTOMER_WISHLIST(WISHLIST_ID, PRODUCT_ID, PRODUCT_ADDED_DATE, CUSTOMER_EMAIL_ID) VALUES(601016, 1066, STR_TO_DATE(CONCAT(DATE_FORMAT(SYSDATE()-INTERVAL 24 DAY, '%d-%b-%Y'), ' 4:00:00'), '%d-%b-%Y %H:%i:%s'), 'animesh@infosys.com');
INSERT INTO EK_CUSTOMER_WISHLIST(WISHLIST_ID, PRODUCT_ID, PRODUCT_ADDED_DATE, CUSTOMER_EMAIL_ID) VALUES(601017, 1022, STR_TO_DATE(CONCAT(DATE_FORMAT(SYSDATE()-INTERVAL 534 DAY, '%d-%b-%Y'), ' 4:00:00'), '%d-%b-%Y %H:%i:%s'), 'tom@infosys.com');
INSERT INTO EK_CUSTOMER_WISHLIST(WISHLIST_ID, PRODUCT_ID, PRODUCT_ADDED_DATE, CUSTOMER_EMAIL_ID) VALUES(601018, 1026, STR_TO_DATE(CONCAT(DATE_FORMAT(SYSDATE()-INTERVAL 67 DAY, '%d-%b-%Y'), ' 4:00:00'), '%d-%b-%Y %H:%i:%s'), 'john@infosys.com');
INSERT INTO EK_CUSTOMER_WISHLIST(WISHLIST_ID, PRODUCT_ID, PRODUCT_ADDED_DATE, CUSTOMER_EMAIL_ID) VALUES(601019, 1015, STR_TO_DATE(CONCAT(DATE_FORMAT(SYSDATE()-INTERVAL 135 DAY, '%d-%b-%Y'), ' 4:00:00'), '%d-%b-%Y %H:%i:%s'), 'punya@infosys.com');
INSERT INTO EK_CUSTOMER_WISHLIST(WISHLIST_ID, PRODUCT_ID, PRODUCT_ADDED_DATE, CUSTOMER_EMAIL_ID) VALUES(601020, 1059, STR_TO_DATE(CONCAT(DATE_FORMAT(SYSDATE()-INTERVAL 78 DAY, '%d-%b-%Y'), ' 4:00:00'), '%d-%b-%Y %H:%i:%s'), 'john@infosys.com');
INSERT INTO EK_CUSTOMER_WISHLIST(WISHLIST_ID, PRODUCT_ID, PRODUCT_ADDED_DATE, CUSTOMER_EMAIL_ID) VALUES(601021, 1007, STR_TO_DATE(CONCAT(DATE_FORMAT(SYSDATE()-INTERVAL 323 DAY, '%d-%b-%Y'), ' 4:00:00'), '%d-%b-%Y %H:%i:%s'), 'rakesh@infosys.com');
INSERT INTO EK_CUSTOMER_WISHLIST(WISHLIST_ID, PRODUCT_ID, PRODUCT_ADDED_DATE, CUSTOMER_EMAIL_ID) VALUES(601022, 1008, STR_TO_DATE(CONCAT(DATE_FORMAT(SYSDATE()-INTERVAL 64 DAY, '%d-%b-%Y'), ' 4:00:00'), '%d-%b-%Y %H:%i:%s'), 'tom@infosys.com');
INSERT INTO EK_CUSTOMER_WISHLIST(WISHLIST_ID, PRODUCT_ID, PRODUCT_ADDED_DATE, CUSTOMER_EMAIL_ID) VALUES(601023, 1002, STR_TO_DATE(CONCAT(DATE_FORMAT(SYSDATE()-INTERVAL 24 DAY, '%d-%b-%Y'), ' 4:00:00'), '%d-%b-%Y %H:%i:%s'), 'animesh@infosys.com');
INSERT INTO EK_CUSTOMER_WISHLIST(WISHLIST_ID, PRODUCT_ID, PRODUCT_ADDED_DATE, CUSTOMER_EMAIL_ID) VALUES(601024, 1055, STR_TO_DATE(CONCAT(DATE_FORMAT(SYSDATE()-INTERVAL 646 DAY, '%d-%b-%Y'), ' 4:00:00'), '%d-%b-%Y %H:%i:%s'), 'sara@infosys.com');
INSERT INTO EK_CUSTOMER_WISHLIST(WISHLIST_ID, PRODUCT_ID, PRODUCT_ADDED_DATE, CUSTOMER_EMAIL_ID) VALUES(601025, 1073, STR_TO_DATE(CONCAT(DATE_FORMAT(SYSDATE()-INTERVAL 786 DAY, '%d-%b-%Y'), ' 4:00:00'), '%d-%b-%Y %H:%i:%s'), 'harry@infosys.com');
INSERT INTO EK_CUSTOMER_WISHLIST(WISHLIST_ID, PRODUCT_ID, PRODUCT_ADDED_DATE, CUSTOMER_EMAIL_ID) VALUES(601026, 1046, STR_TO_DATE(CONCAT(DATE_FORMAT(SYSDATE()-INTERVAL 23 DAY, '%d-%b-%Y'), ' 4:00:00'), '%d-%b-%Y %H:%i:%s'), 'rakesh@infosys.com');
INSERT INTO EK_CUSTOMER_WISHLIST(WISHLIST_ID, PRODUCT_ID, PRODUCT_ADDED_DATE, CUSTOMER_EMAIL_ID) VALUES(601027, 1071, STR_TO_DATE(CONCAT(DATE_FORMAT(SYSDATE()-INTERVAL 40 DAY, '%d-%b-%Y'), ' 4:00:00'), '%d-%b-%Y %H:%i:%s'), 'tom@infosys.com');
INSERT INTO EK_CUSTOMER_WISHLIST(WISHLIST_ID, PRODUCT_ID, PRODUCT_ADDED_DATE, CUSTOMER_EMAIL_ID) VALUES(601028, 1016, STR_TO_DATE(CONCAT(DATE_FORMAT(SYSDATE()-INTERVAL 545 DAY, '%d-%b-%Y'), ' 4:00:00'), '%d-%b-%Y %H:%i:%s'), 'animesh@infosys.com');
INSERT INTO EK_CUSTOMER_WISHLIST(WISHLIST_ID, PRODUCT_ID, PRODUCT_ADDED_DATE, CUSTOMER_EMAIL_ID) VALUES(601029, 1062, STR_TO_DATE(CONCAT(DATE_FORMAT(SYSDATE()-INTERVAL 42 DAY, '%d-%b-%Y'), ' 4:00:00'), '%d-%b-%Y %H:%i:%s'), 'animesh@infosys.com');
INSERT INTO EK_CUSTOMER_WISHLIST(WISHLIST_ID, PRODUCT_ID, PRODUCT_ADDED_DATE, CUSTOMER_EMAIL_ID) VALUES(601030, 1026, STR_TO_DATE(CONCAT(DATE_FORMAT(SYSDATE()-INTERVAL 410 DAY, '%d-%b-%Y'), ' 4:00:00'), '%d-%b-%Y %H:%i:%s'), 'tom@infosys.com');
INSERT INTO EK_CUSTOMER_WISHLIST(WISHLIST_ID, PRODUCT_ID, PRODUCT_ADDED_DATE, CUSTOMER_EMAIL_ID) VALUES(601031, 1038, STR_TO_DATE(CONCAT(DATE_FORMAT(SYSDATE()-INTERVAL 44 DAY, '%d-%b-%Y'), ' 4:00:00'), '%d-%b-%Y %H:%i:%s'), 'animesh@infosys.com');
INSERT INTO EK_CUSTOMER_WISHLIST(WISHLIST_ID, PRODUCT_ID, PRODUCT_ADDED_DATE, CUSTOMER_EMAIL_ID) VALUES(601032, 1004, STR_TO_DATE(CONCAT(DATE_FORMAT(SYSDATE()-INTERVAL 656 DAY, '%d-%b-%Y'), ' 4:00:00'), '%d-%b-%Y %H:%i:%s'), 'tom@infosys.com');
INSERT INTO EK_CUSTOMER_WISHLIST(WISHLIST_ID, PRODUCT_ID, PRODUCT_ADDED_DATE, CUSTOMER_EMAIL_ID) VALUES(601033, 1056, STR_TO_DATE(CONCAT(DATE_FORMAT(SYSDATE()-INTERVAL 34 DAY, '%d-%b-%Y'), ' 4:00:00'), '%d-%b-%Y %H:%i:%s'), 'animesh@infosys.com');
INSERT INTO EK_CUSTOMER_WISHLIST(WISHLIST_ID, PRODUCT_ID, PRODUCT_ADDED_DATE, CUSTOMER_EMAIL_ID) VALUES(601034, 1068, STR_TO_DATE(CONCAT(DATE_FORMAT(SYSDATE()-INTERVAL 43 DAY, '%d-%b-%Y'), ' 4:00:00'), '%d-%b-%Y %H:%i:%s'), 'tom@infosys.com');
INSERT INTO EK_CUSTOMER_WISHLIST(WISHLIST_ID, PRODUCT_ID, PRODUCT_ADDED_DATE, CUSTOMER_EMAIL_ID) VALUES(601035, 1035, STR_TO_DATE(CONCAT(DATE_FORMAT(SYSDATE()-INTERVAL 43 DAY, '%d-%b-%Y'), ' 4:00:00'), '%d-%b-%Y %H:%i:%s'), 'sara@infosys.com');
INSERT INTO EK_CUSTOMER_WISHLIST(WISHLIST_ID, PRODUCT_ID, PRODUCT_ADDED_DATE, CUSTOMER_EMAIL_ID) VALUES(601036, 1053, STR_TO_DATE(CONCAT(DATE_FORMAT(SYSDATE()-INTERVAL 423 DAY, '%d-%b-%Y'), ' 4:00:00'), '%d-%b-%Y %H:%i:%s'), 'harry@infosys.com');
INSERT INTO EK_CUSTOMER_WISHLIST(WISHLIST_ID, PRODUCT_ID, PRODUCT_ADDED_DATE, CUSTOMER_EMAIL_ID) VALUES(601037, 1003, STR_TO_DATE(CONCAT(DATE_FORMAT(SYSDATE()-INTERVAL 21 DAY, '%d-%b-%Y'), ' 4:00:00'), '%d-%b-%Y %H:%i:%s'), 'steve@infosys.com');
INSERT INTO EK_CUSTOMER_WISHLIST(WISHLIST_ID, PRODUCT_ID, PRODUCT_ADDED_DATE, CUSTOMER_EMAIL_ID) VALUES(601038, 1033, STR_TO_DATE(CONCAT(DATE_FORMAT(SYSDATE()-INTERVAL 13 DAY, '%d-%b-%Y'), ' 4:00:00'), '%d-%b-%Y %H:%i:%s'), 'harry@infosys.com');
INSERT INTO EK_CUSTOMER_WISHLIST(WISHLIST_ID, PRODUCT_ID, PRODUCT_ADDED_DATE, CUSTOMER_EMAIL_ID) VALUES(601039, 1035, STR_TO_DATE(CONCAT(DATE_FORMAT(SYSDATE()-INTERVAL 323 DAY, '%d-%b-%Y'), ' 4:00:00'), '%d-%b-%Y %H:%i:%s'), 'rakesh@infosys.com');


INSERT INTO EXCHANGE_OFFERS(OFFER_ID,PRODUCT_ID,OFFER_DISCOUNT, SELLER_EMAIL_ID) VALUES(501001, 1004, 1200.00, 'jack@infosys.com');
INSERT INTO EXCHANGE_OFFERS(OFFER_ID,PRODUCT_ID,OFFER_DISCOUNT, SELLER_EMAIL_ID) VALUES(501002, 1034, 6999.00, 'brad@infosys.com');
INSERT INTO EXCHANGE_OFFERS(OFFER_ID,PRODUCT_ID,OFFER_DISCOUNT, SELLER_EMAIL_ID) VALUES(501003, 1045, 800.00, 'peter@infosys.com');
INSERT INTO EXCHANGE_OFFERS(OFFER_ID,PRODUCT_ID,OFFER_DISCOUNT, SELLER_EMAIL_ID) VALUES(501004, 1034, 6999.00, 'brad@infosys.com');
INSERT INTO EXCHANGE_OFFERS(OFFER_ID,PRODUCT_ID,OFFER_DISCOUNT, SELLER_EMAIL_ID) VALUES(501005, 1024, 5000.00, 'robert@infosys.com');
INSERT INTO EXCHANGE_OFFERS(OFFER_ID,PRODUCT_ID,OFFER_DISCOUNT, SELLER_EMAIL_ID) VALUES(501006, 1052, 800.00, 'ken@infosys.com');
INSERT INTO EXCHANGE_OFFERS(OFFER_ID,PRODUCT_ID,OFFER_DISCOUNT, SELLER_EMAIL_ID) VALUES(501007, 1014, 9999.00, 'mark@infosys.com');
INSERT INTO EXCHANGE_OFFERS(OFFER_ID,PRODUCT_ID,OFFER_DISCOUNT, SELLER_EMAIL_ID) VALUES(501008, 1011, 9000.00, 'peter@infosys.com');
INSERT INTO EXCHANGE_OFFERS(OFFER_ID,PRODUCT_ID,OFFER_DISCOUNT, SELLER_EMAIL_ID) VALUES(501009, 1044, 500.00, 'mark@infosys.com');
INSERT INTO EXCHANGE_OFFERS(OFFER_ID,PRODUCT_ID,OFFER_DISCOUNT, SELLER_EMAIL_ID) VALUES(501010, 1006, 800.00, 'peter@infosys.com');
INSERT INTO EXCHANGE_OFFERS(OFFER_ID,PRODUCT_ID,OFFER_DISCOUNT, SELLER_EMAIL_ID) VALUES(501011, 1014, 9999.00, 'ken@infosys.com');
INSERT INTO EXCHANGE_OFFERS(OFFER_ID,PRODUCT_ID,OFFER_DISCOUNT, SELLER_EMAIL_ID) VALUES(501012, 1024, 5000.00, 'david@infosys.com');
INSERT INTO EXCHANGE_OFFERS(OFFER_ID,PRODUCT_ID,OFFER_DISCOUNT, SELLER_EMAIL_ID) VALUES(501013, 1045, 800.00, 'charles@infosys.com');
INSERT INTO EXCHANGE_OFFERS(OFFER_ID,PRODUCT_ID,OFFER_DISCOUNT, SELLER_EMAIL_ID) VALUES(501014, 1041, 990.00, 'jack@infosys.com');
INSERT INTO EXCHANGE_OFFERS(OFFER_ID,PRODUCT_ID,OFFER_DISCOUNT, SELLER_EMAIL_ID) VALUES(501015, 1026, 7999.00, 'charles@infosys.com');
INSERT INTO EXCHANGE_OFFERS(OFFER_ID,PRODUCT_ID,OFFER_DISCOUNT, SELLER_EMAIL_ID) VALUES(501016, 1005, 1500.00, 'charles@infosys.com');
INSERT INTO EXCHANGE_OFFERS(OFFER_ID,PRODUCT_ID,OFFER_DISCOUNT, SELLER_EMAIL_ID) VALUES(501017, 1062, 1000.00, 'ken@infosys.com');
INSERT INTO EXCHANGE_OFFERS(OFFER_ID,PRODUCT_ID,OFFER_DISCOUNT, SELLER_EMAIL_ID) VALUES(501018, 1014, 9999.00, 'ken@infosys.com');
INSERT INTO EXCHANGE_OFFERS(OFFER_ID,PRODUCT_ID,OFFER_DISCOUNT, SELLER_EMAIL_ID) VALUES(501019, 1024, 5000.00, 'mark@infosys.com');
INSERT INTO EXCHANGE_OFFERS(OFFER_ID,PRODUCT_ID,OFFER_DISCOUNT, SELLER_EMAIL_ID) VALUES(501020, 1065, 250.00, 'david@infosys.com');
INSERT INTO EXCHANGE_OFFERS(OFFER_ID,PRODUCT_ID,OFFER_DISCOUNT, SELLER_EMAIL_ID) VALUES(501021, 1072, 700.00, 'jack@infosys.com');
INSERT INTO EXCHANGE_OFFERS(OFFER_ID,PRODUCT_ID,OFFER_DISCOUNT, SELLER_EMAIL_ID) VALUES(501022, 1004, 1200.00, 'jack@infosys.com');
INSERT INTO EXCHANGE_OFFERS(OFFER_ID,PRODUCT_ID,OFFER_DISCOUNT, SELLER_EMAIL_ID) VALUES(501023, 1022, 8000.00, 'jack@infosys.com');
INSERT INTO EXCHANGE_OFFERS(OFFER_ID,PRODUCT_ID,OFFER_DISCOUNT, SELLER_EMAIL_ID) VALUES(501024, 1066, 250.00, 'david@infosys.com');
INSERT INTO EXCHANGE_OFFERS(OFFER_ID,PRODUCT_ID,OFFER_DISCOUNT, SELLER_EMAIL_ID) VALUES(501025, 1059, 500.00, 'charles@infosys.com');
INSERT INTO EXCHANGE_OFFERS(OFFER_ID,PRODUCT_ID,OFFER_DISCOUNT, SELLER_EMAIL_ID) VALUES(501026, 1035, 5900.00, 'robert@infosys.com');
INSERT INTO EXCHANGE_OFFERS(OFFER_ID,PRODUCT_ID,OFFER_DISCOUNT, SELLER_EMAIL_ID) VALUES(501027, 1004, 1200.00, 'charles@infosys.com');
INSERT INTO EXCHANGE_OFFERS(OFFER_ID,PRODUCT_ID,OFFER_DISCOUNT, SELLER_EMAIL_ID) VALUES(501028, 1004, 1200.00, 'mark@infosys.com');
INSERT INTO EXCHANGE_OFFERS(OFFER_ID,PRODUCT_ID,OFFER_DISCOUNT, SELLER_EMAIL_ID) VALUES(501029, 1004, 1200.00, 'david@infosys.com');
INSERT INTO EXCHANGE_OFFERS(OFFER_ID,PRODUCT_ID,OFFER_DISCOUNT, SELLER_EMAIL_ID) VALUES(501030, 1005, 1500.00, 'ken@infosys.com');
INSERT INTO EXCHANGE_OFFERS(OFFER_ID,PRODUCT_ID,OFFER_DISCOUNT, SELLER_EMAIL_ID) VALUES(501031, 1006, 800.00, 'peter@infosys.com');
INSERT INTO EXCHANGE_OFFERS(OFFER_ID,PRODUCT_ID,OFFER_DISCOUNT, SELLER_EMAIL_ID) VALUES(501032, 1014, 9999.00, 'jack@infosys.com');
INSERT INTO EXCHANGE_OFFERS(OFFER_ID,PRODUCT_ID,OFFER_DISCOUNT, SELLER_EMAIL_ID) VALUES(501033, 1024, 5000.00, 'david@infosys.com');
INSERT INTO EXCHANGE_OFFERS(OFFER_ID,PRODUCT_ID,OFFER_DISCOUNT, SELLER_EMAIL_ID) VALUES(501034, 1004, 1200.00, 'charles@infosys.com');
INSERT INTO EXCHANGE_OFFERS(OFFER_ID,PRODUCT_ID,OFFER_DISCOUNT, SELLER_EMAIL_ID) VALUES(501035, 1004, 1200.00, 'brad@infosys.com');
INSERT INTO EXCHANGE_OFFERS(OFFER_ID,PRODUCT_ID,OFFER_DISCOUNT, SELLER_EMAIL_ID) VALUES(501036, 1004, 1200.00, 'robert@infosys.com');
INSERT INTO EXCHANGE_OFFERS(OFFER_ID,PRODUCT_ID,OFFER_DISCOUNT, SELLER_EMAIL_ID) VALUES(501037, 1005, 1500.00, 'jack@infosys.com');
INSERT INTO EXCHANGE_OFFERS(OFFER_ID,PRODUCT_ID,OFFER_DISCOUNT, SELLER_EMAIL_ID) VALUES(501038, 1006, 800.00, 'brad@infosys.com');
INSERT INTO EXCHANGE_OFFERS(OFFER_ID,PRODUCT_ID,OFFER_DISCOUNT, SELLER_EMAIL_ID) VALUES(501039, 1006, 800.00, 'brad@infosys.com');

INSERT INTO EK_PRODUCT_FEEDBACK( FEEDBACK_ID, PRODUCT_ID, CUSTOMER_EMAIL_ID, PRODUCT_SATISFACTION, PRODUCT_DSCR_MATCH, PRODUCT_RECOMMENDATION ) VALUES (301, 1000, 'tom@infosys.com', 3, 4.5, 4);
INSERT INTO EK_PRODUCT_FEEDBACK( FEEDBACK_ID, PRODUCT_ID, CUSTOMER_EMAIL_ID, PRODUCT_SATISFACTION, PRODUCT_DSCR_MATCH, PRODUCT_RECOMMENDATION ) VALUES (302, 1007, 'harry@infosys.com', 3.5, 4, 4);
INSERT INTO EK_PRODUCT_FEEDBACK( FEEDBACK_ID, PRODUCT_ID, CUSTOMER_EMAIL_ID, PRODUCT_SATISFACTION, PRODUCT_DSCR_MATCH, PRODUCT_RECOMMENDATION ) VALUES (303, 1070, 'john@infosys.com', 3, 4.5, 4.5);
INSERT INTO EK_PRODUCT_FEEDBACK( FEEDBACK_ID, PRODUCT_ID, CUSTOMER_EMAIL_ID, PRODUCT_SATISFACTION, PRODUCT_DSCR_MATCH, PRODUCT_RECOMMENDATION ) VALUES (304, 1052, 'sara@infosys.com', 3.5, 4.5, 4);
INSERT INTO EK_PRODUCT_FEEDBACK( FEEDBACK_ID, PRODUCT_ID, CUSTOMER_EMAIL_ID, PRODUCT_SATISFACTION, PRODUCT_DSCR_MATCH, PRODUCT_RECOMMENDATION ) VALUES (305, 1042, 'james@infosys.com', 3, 4, 4);
INSERT INTO EK_PRODUCT_FEEDBACK( FEEDBACK_ID, PRODUCT_ID, CUSTOMER_EMAIL_ID, PRODUCT_SATISFACTION, PRODUCT_DSCR_MATCH, PRODUCT_RECOMMENDATION ) VALUES (306, 1000, 'punya@infosys.com', 4, 4.5, 4);
INSERT INTO EK_PRODUCT_FEEDBACK( FEEDBACK_ID, PRODUCT_ID, CUSTOMER_EMAIL_ID, PRODUCT_SATISFACTION, PRODUCT_DSCR_MATCH, PRODUCT_RECOMMENDATION ) VALUES (307, 1011, 'punya@infosys.com', 3.5, 4, 4);
INSERT INTO EK_PRODUCT_FEEDBACK( FEEDBACK_ID, PRODUCT_ID, CUSTOMER_EMAIL_ID, PRODUCT_SATISFACTION, PRODUCT_DSCR_MATCH, PRODUCT_RECOMMENDATION ) VALUES (308, 1011, 'tom@infosys.com', 3, 4.5, 4.5);
INSERT INTO EK_PRODUCT_FEEDBACK( FEEDBACK_ID, PRODUCT_ID, CUSTOMER_EMAIL_ID, PRODUCT_SATISFACTION, PRODUCT_DSCR_MATCH, PRODUCT_RECOMMENDATION ) VALUES (309, 1042, 'punya@infosys.com', 3.5, 4.5, 4);
INSERT INTO EK_PRODUCT_FEEDBACK( FEEDBACK_ID, PRODUCT_ID, CUSTOMER_EMAIL_ID, PRODUCT_SATISFACTION, PRODUCT_DSCR_MATCH, PRODUCT_RECOMMENDATION ) VALUES (310, 1042, 'james@infosys.com', 3, 4, 4);
INSERT INTO EK_PRODUCT_FEEDBACK( FEEDBACK_ID, PRODUCT_ID, CUSTOMER_EMAIL_ID, PRODUCT_SATISFACTION, PRODUCT_DSCR_MATCH, PRODUCT_RECOMMENDATION ) VALUES (311, 1052, 'mariya@infosys.com', 3, 4.5, 4.5);

INSERT INTO EK_SELLER_FEEDBACK( FEEDBACK_ID, SELLER_EMAIL_ID, CUSTOMER_EMAIL_ID, PRODUCT_DELIVERY_SPEED, PRODUCT_CONDITION, PRODUCT_PACKAGING ) VALUES ( 101, 'jack@infosys.com', 'tom@infosys.com', 3.5, 5, 4 );
INSERT INTO EK_SELLER_FEEDBACK( FEEDBACK_ID, SELLER_EMAIL_ID, CUSTOMER_EMAIL_ID, PRODUCT_DELIVERY_SPEED, PRODUCT_CONDITION, PRODUCT_PACKAGING ) VALUES ( 102, 'jack@infosys.com', 'harry@infosys.com', 3, 4.5, 4 );
INSERT INTO EK_SELLER_FEEDBACK( FEEDBACK_ID, SELLER_EMAIL_ID, CUSTOMER_EMAIL_ID, PRODUCT_DELIVERY_SPEED, PRODUCT_CONDITION, PRODUCT_PACKAGING ) VALUES ( 103, 'charles@infosys.com', 'john@infosys.com', 4.5, 4.5, 4 );
INSERT INTO EK_SELLER_FEEDBACK( FEEDBACK_ID, SELLER_EMAIL_ID, CUSTOMER_EMAIL_ID, PRODUCT_DELIVERY_SPEED, PRODUCT_CONDITION, PRODUCT_PACKAGING ) VALUES ( 104, 'robert@infosys.com', 'sara@infosys.com', 3.5, 5, 4 );
INSERT INTO EK_SELLER_FEEDBACK( FEEDBACK_ID, SELLER_EMAIL_ID, CUSTOMER_EMAIL_ID, PRODUCT_DELIVERY_SPEED, PRODUCT_CONDITION, PRODUCT_PACKAGING ) VALUES ( 105, 'robert@infosys.com', 'mariya@infosys.com', 3, 4, 4 );
INSERT INTO EK_SELLER_FEEDBACK( FEEDBACK_ID, SELLER_EMAIL_ID, CUSTOMER_EMAIL_ID, PRODUCT_DELIVERY_SPEED, PRODUCT_CONDITION, PRODUCT_PACKAGING ) VALUES ( 106, 'peter@infosys.com', 'james@infosys.com', 4, 4, 4 );
INSERT INTO EK_SELLER_FEEDBACK( FEEDBACK_ID, SELLER_EMAIL_ID, CUSTOMER_EMAIL_ID, PRODUCT_DELIVERY_SPEED, PRODUCT_CONDITION, PRODUCT_PACKAGING ) VALUES ( 107, 'peter@infosys.com', 'punya@infosys.com', 3, 4.5, 4.5 );
INSERT INTO EK_SELLER_FEEDBACK( FEEDBACK_ID, SELLER_EMAIL_ID, CUSTOMER_EMAIL_ID, PRODUCT_DELIVERY_SPEED, PRODUCT_CONDITION, PRODUCT_PACKAGING ) VALUES ( 108, 'peter@infosys.com', 'james@infosys.com', 3, 4, 4 );
INSERT INTO EK_SELLER_FEEDBACK( FEEDBACK_ID, SELLER_EMAIL_ID, CUSTOMER_EMAIL_ID, PRODUCT_DELIVERY_SPEED, PRODUCT_CONDITION, PRODUCT_PACKAGING ) VALUES ( 109, 'jack@infosys.com', 'punya@infosys.com', 4.5, 5, 5 );
INSERT INTO EK_SELLER_FEEDBACK( FEEDBACK_ID, SELLER_EMAIL_ID, CUSTOMER_EMAIL_ID, PRODUCT_DELIVERY_SPEED, PRODUCT_CONDITION, PRODUCT_PACKAGING ) VALUES ( 110, 'mark@infosys.com', 'punya@infosys.com', 3.5, 5, 4.5 );
INSERT INTO EK_SELLER_FEEDBACK( FEEDBACK_ID, SELLER_EMAIL_ID, CUSTOMER_EMAIL_ID, PRODUCT_DELIVERY_SPEED, PRODUCT_CONDITION, PRODUCT_PACKAGING ) VALUES ( 111, 'mark@infosys.com', 'tom@infosys.com', 3.5, 5, 4 );

INSERT INTO EK_FESTIVALS(FESTIVAL_ID,FESTIVAL_NAME,FESTIVAL_STARTS_AT,FESTIVAL_ENDS_AT) VALUES(701001,'NEWYEAR','2019-01-01 00:00:01','2019-01-10 23:59:59');
INSERT INTO EK_FESTIVALS(FESTIVAL_ID,FESTIVAL_NAME,FESTIVAL_STARTS_AT,FESTIVAL_ENDS_AT) VALUES(701002,'PONGAL', '2019-01-14 00:00:01','2019-01-17 23:59:59');
INSERT INTO EK_FESTIVALS(FESTIVAL_ID,FESTIVAL_NAME,FESTIVAL_STARTS_AT,FESTIVAL_ENDS_AT) VALUES(701003,'DIWALI', '2019-11-08 00:00:01','2019-11-12 23:59:59');
INSERT INTO EK_FESTIVALS(FESTIVAL_ID,FESTIVAL_NAME,FESTIVAL_STARTS_AT,FESTIVAL_ENDS_AT) VALUES(701004,'CHRISTMAS','2019-12-25 00:00:01','2019-12-25 23:59:59');
INSERT INTO EK_FESTIVALS(FESTIVAL_ID,FESTIVAL_NAME,FESTIVAL_STARTS_AT,FESTIVAL_ENDS_AT) VALUES(701005,'PONGAL', '2020-01-14 00:00:01','2020-01-17 23:59:59');
INSERT INTO EK_FESTIVALS(FESTIVAL_ID,FESTIVAL_NAME,FESTIVAL_STARTS_AT,FESTIVAL_ENDS_AT) VALUES(701006,'DIWALI','2020-11-08 00:00:01','2020-11-12 23:59:59');
INSERT INTO EK_FESTIVALS(FESTIVAL_ID,FESTIVAL_NAME,FESTIVAL_STARTS_AT,FESTIVAL_ENDS_AT) VALUES(701007,'CHRISTMAS','2020-12-25 00:00:01','2020-12-25 23:59:59');
INSERT INTO EK_FESTIVALS(FESTIVAL_ID,FESTIVAL_NAME,FESTIVAL_STARTS_AT,FESTIVAL_ENDS_AT) VALUES(701008,'DASARA','2020-10-18 00:00:01','2020-10-19 23:59:59');
INSERT INTO EK_FESTIVALS(FESTIVAL_ID,FESTIVAL_NAME,FESTIVAL_STARTS_AT,FESTIVAL_ENDS_AT) VALUES(701009,'NEWYEAR','2020-01-01 00:00:01','2020-01-01 23:59:59');

INSERT INTO EK_FESTIVALS_OFFERS(FESTIVAL_OFFER_ID, SELLER_EMAIL_ID, FESTIVAL_ID, PRODUCT_ID, FESTIVAL_DISCOUNT, OFFER_STATUS) VALUES(101, 'jack@infosys.com', 701001, 1000, 50.00, 'ACTIVE');
INSERT INTO EK_FESTIVALS_OFFERS(FESTIVAL_OFFER_ID, SELLER_EMAIL_ID, FESTIVAL_ID, PRODUCT_ID, FESTIVAL_DISCOUNT, OFFER_STATUS) VALUES(102, 'mark@infosys.com', 701001, 1011, 50.00, 'ACTIVE');
INSERT INTO EK_FESTIVALS_OFFERS(FESTIVAL_OFFER_ID, SELLER_EMAIL_ID, FESTIVAL_ID, PRODUCT_ID, FESTIVAL_DISCOUNT, OFFER_STATUS) VALUES(103, 'mark@infosys.com', 701002, 1016, 25.00, 'ACTIVE');
INSERT INTO EK_FESTIVALS_OFFERS(FESTIVAL_OFFER_ID, SELLER_EMAIL_ID, FESTIVAL_ID, PRODUCT_ID, FESTIVAL_DISCOUNT, OFFER_STATUS) VALUES(104, 'ken@infosys.com', 701002, 1026, 35.00, 'ACTIVE');
INSERT INTO EK_FESTIVALS_OFFERS(FESTIVAL_OFFER_ID, SELLER_EMAIL_ID, FESTIVAL_ID, PRODUCT_ID, FESTIVAL_DISCOUNT, OFFER_STATUS) VALUES(105, 'brad@infosys.com', 701003, 1032, 35.00, 'ACTIVE');
INSERT INTO EK_FESTIVALS_OFFERS(FESTIVAL_OFFER_ID, SELLER_EMAIL_ID, FESTIVAL_ID, PRODUCT_ID, FESTIVAL_DISCOUNT, OFFER_STATUS) VALUES(106, 'peter@infosys.com', 701003, 1041, 30.00, 'ACTIVE');
INSERT INTO EK_FESTIVALS_OFFERS(FESTIVAL_OFFER_ID, SELLER_EMAIL_ID, FESTIVAL_ID, PRODUCT_ID, FESTIVAL_DISCOUNT, OFFER_STATUS) VALUES(107, 'robert@infosys.com', 701004, 1050, 30.00, 'ACTIVE');
INSERT INTO EK_FESTIVALS_OFFERS(FESTIVAL_OFFER_ID, SELLER_EMAIL_ID, FESTIVAL_ID, PRODUCT_ID, FESTIVAL_DISCOUNT, OFFER_STATUS) VALUES(108, 'david@infosys.com', 701004, 1056, 30.00, 'ACTIVE');
INSERT INTO EK_FESTIVALS_OFFERS(FESTIVAL_OFFER_ID, SELLER_EMAIL_ID, FESTIVAL_ID, PRODUCT_ID, FESTIVAL_DISCOUNT, OFFER_STATUS) VALUES(109, 'charles@infosys.com', 701005, 1065, 30.00, 'ACTIVE');
INSERT INTO EK_FESTIVALS_OFFERS(FESTIVAL_OFFER_ID, SELLER_EMAIL_ID, FESTIVAL_ID, PRODUCT_ID, FESTIVAL_DISCOUNT, OFFER_STATUS) VALUES(110, 'charles@infosys.com', 701005, 1073, 40.00, 'ACTIVE');
INSERT INTO EK_FESTIVALS_OFFERS(FESTIVAL_OFFER_ID, SELLER_EMAIL_ID, FESTIVAL_ID, PRODUCT_ID, FESTIVAL_DISCOUNT, OFFER_STATUS) VALUES(111, 'david@infosys.com', 701006, 1064, 30.00, 'ACTIVE');
INSERT INTO EK_FESTIVALS_OFFERS(FESTIVAL_OFFER_ID, SELLER_EMAIL_ID, FESTIVAL_ID, PRODUCT_ID, FESTIVAL_DISCOUNT, OFFER_STATUS) VALUES(112, 'brad@infosys.com', 701006, 1031, 45.00, 'ACTIVE');
INSERT INTO EK_FESTIVALS_OFFERS(FESTIVAL_OFFER_ID, SELLER_EMAIL_ID, FESTIVAL_ID, PRODUCT_ID, FESTIVAL_DISCOUNT, OFFER_STATUS) VALUES(113, 'mark@infosys.com', 701007, 1018, 40.00, 'ACTIVE');
INSERT INTO EK_FESTIVALS_OFFERS(FESTIVAL_OFFER_ID, SELLER_EMAIL_ID, FESTIVAL_ID, PRODUCT_ID, FESTIVAL_DISCOUNT, OFFER_STATUS) VALUES(114, 'jack@infosys.com', 701007, 1009, 50.00, 'ACTIVE');
INSERT INTO EK_FESTIVALS_OFFERS(FESTIVAL_OFFER_ID, SELLER_EMAIL_ID, FESTIVAL_ID, PRODUCT_ID, FESTIVAL_DISCOUNT, OFFER_STATUS) VALUES(115, 'ken@infosys.com', 701008, 1024, 35.00, 'ACTIVE');
INSERT INTO EK_FESTIVALS_OFFERS(FESTIVAL_OFFER_ID, SELLER_EMAIL_ID, FESTIVAL_ID, PRODUCT_ID, FESTIVAL_DISCOUNT, OFFER_STATUS) VALUES(116, 'brad@infosys.com', 701008, 1036, 45.00, 'ACTIVE');

INSERT INTO EK_COMING_SOON_PRODUCT(COMING_SOON_PRODUCT_ID, ADVANCE_BOOKING_STOCK, BRAND, CATEGORY, DESCRIPTION, PRE_RELEASE_DISCOUNT, PRICE, PRODUCT_NAME, RELEASE_DATE, RELEASE_STATUS, SELLER_EMAIL_ID) VALUES(1, 10, 'Gents Choice', 'Clothing - Men', 'Black full sleeved shirt.', 5, 1000, 'GC Shirt', SYSDATE()- INTERVAL 1 DAY, 'RELEASED', 'brad@infosys.com');
INSERT INTO EK_COMING_SOON_PRODUCT(COMING_SOON_PRODUCT_ID, ADVANCE_BOOKING_STOCK, BRAND, CATEGORY, DESCRIPTION, PRE_RELEASE_DISCOUNT, PRICE, PRODUCT_NAME, RELEASE_DATE, RELEASE_STATUS, SELLER_EMAIL_ID) VALUES(2, 20, 'Ladies Choice', 'Clothing - Women', 'Black saree with designs.', 10, 2000, 'LC Saree', SYSDATE(), 'UNRELEASED', 'brad@infosys.com');
INSERT INTO EK_COMING_SOON_PRODUCT(COMING_SOON_PRODUCT_ID, ADVANCE_BOOKING_STOCK, BRAND, CATEGORY, DESCRIPTION, PRE_RELEASE_DISCOUNT, PRICE, PRODUCT_NAME, RELEASE_DATE, RELEASE_STATUS, SELLER_EMAIL_ID) VALUES(3, 30, 'Picasio', 'Electronics - Camera', 'Digital SLR Camera (HD).', 15, 25000, 'Picasio DSLR', SYSDATE(), 'RELEASED', 'brad@infosys.com');
INSERT INTO EK_COMING_SOON_PRODUCT(COMING_SOON_PRODUCT_ID, ADVANCE_BOOKING_STOCK, BRAND, CATEGORY, DESCRIPTION, PRE_RELEASE_DISCOUNT, PRICE, PRODUCT_NAME, RELEASE_DATE, RELEASE_STATUS, SELLER_EMAIL_ID) VALUES(4, 40, 'HPi', 'Electronics - Desktop', 'High end desktop ideal for VR gaming.', 20, 1000000, 'VR Desktop', SYSDATE()+ INTERVAL 1 DAY, 'UNRELEASED', 'brad@infosys.com');
INSERT INTO EK_COMING_SOON_PRODUCT(COMING_SOON_PRODUCT_ID, ADVANCE_BOOKING_STOCK, BRAND, CATEGORY, DESCRIPTION, PRE_RELEASE_DISCOUNT, PRICE, PRODUCT_NAME, RELEASE_DATE, RELEASE_STATUS, SELLER_EMAIL_ID) VALUES(5, 50, 'Delle', 'Electronics - Laptop', 'Light weight laptop suitable for educational purposes.', 25, 20000, 'Student Laptop', SYSDATE()- INTERVAL 1 DAY, 'RELEASED', 'charles@infosys.com');
INSERT INTO EK_COMING_SOON_PRODUCT(COMING_SOON_PRODUCT_ID, ADVANCE_BOOKING_STOCK, BRAND, CATEGORY, DESCRIPTION, PRE_RELEASE_DISCOUNT, PRICE, PRODUCT_NAME, RELEASE_DATE, RELEASE_STATUS, SELLER_EMAIL_ID) VALUES(6, 60, 'Samsing', 'Electronics - Mobile', 'High performance octa-core smartphone.', 30, 50000, 'UPhone', SYSDATE(), 'UNRELEASED', 'charles@infosys.com');
INSERT INTO EK_COMING_SOON_PRODUCT(COMING_SOON_PRODUCT_ID, ADVANCE_BOOKING_STOCK, BRAND, CATEGORY, DESCRIPTION, PRE_RELEASE_DISCOUNT, PRICE, PRODUCT_NAME, RELEASE_DATE, RELEASE_STATUS, SELLER_EMAIL_ID) VALUES(7, 70, 'Elegance', 'Home - Decor', 'Aquatic Scenery Curtain.', 35, 2000, 'Aquatic Curtain', SYSDATE(), 'RELEASED', 'charles@infosys.com');
INSERT INTO EK_COMING_SOON_PRODUCT(COMING_SOON_PRODUCT_ID, ADVANCE_BOOKING_STOCK, BRAND, CATEGORY, DESCRIPTION, PRE_RELEASE_DISCOUNT, PRICE, PRODUCT_NAME, RELEASE_DATE, RELEASE_STATUS, SELLER_EMAIL_ID) VALUES(8, 80, 'Dura', 'Home - Furniture', '2m * 2m Wooden Tea Table.', 40, 10000, 'Tea Table', SYSDATE()+ INTERVAL 1 DAY, 'UNRELEASED', 'charles@infosys.com');
INSERT INTO EK_COMING_SOON_PRODUCT(COMING_SOON_PRODUCT_ID, ADVANCE_BOOKING_STOCK, BRAND, CATEGORY, DESCRIPTION, PRE_RELEASE_DISCOUNT, PRICE, PRODUCT_NAME, RELEASE_DATE, RELEASE_STATUS, SELLER_EMAIL_ID) VALUES(9, 90, 'Kitchen Mate', 'Home - Kitchen', 'Energy Saving Electric Cooker.', 45, 5000, 'Induction Cooker', SYSDATE(), 'UNRELEASED', 'david@infosys.com');


INSERT INTO EK_ADVANCE_BOOKING(BOOKING_ID, BOOKING_DATE, BOOKING_QUANTITY, BOOKING_STATUS, COMING_SOON_PRODUCT_ID, CUSTOMER_EMAIL_ID) VALUES(1, SYSDATE()- INTERVAL 1 DAY, 1, 'BOOKED', 1, 'harry@infosys.com');
INSERT INTO EK_ADVANCE_BOOKING(BOOKING_ID, BOOKING_DATE, BOOKING_QUANTITY, BOOKING_STATUS, COMING_SOON_PRODUCT_ID, CUSTOMER_EMAIL_ID) VALUES(2, SYSDATE()- INTERVAL 2 DAY, 2, 'CANCELLED', 2, 'harry@infosys.com');
INSERT INTO EK_ADVANCE_BOOKING(BOOKING_ID, BOOKING_DATE, BOOKING_QUANTITY, BOOKING_STATUS, COMING_SOON_PRODUCT_ID, CUSTOMER_EMAIL_ID) VALUES(3, SYSDATE()- INTERVAL 3 DAY, 3, 'BOOKED', 3, 'harry@infosys.com');
INSERT INTO EK_ADVANCE_BOOKING(BOOKING_ID, BOOKING_DATE, BOOKING_QUANTITY, BOOKING_STATUS, COMING_SOON_PRODUCT_ID, CUSTOMER_EMAIL_ID) VALUES(4, SYSDATE()- INTERVAL 4 DAY, 4, 'CANCELLED', 4, 'harry@infosys.com');
INSERT INTO EK_ADVANCE_BOOKING(BOOKING_ID, BOOKING_DATE, BOOKING_QUANTITY, BOOKING_STATUS, COMING_SOON_PRODUCT_ID, CUSTOMER_EMAIL_ID) VALUES(5, SYSDATE()- INTERVAL 5 DAY, 5, 'BOOKED', 5, 'james@infosys.com');
INSERT INTO EK_ADVANCE_BOOKING(BOOKING_ID, BOOKING_DATE, BOOKING_QUANTITY, BOOKING_STATUS, COMING_SOON_PRODUCT_ID, CUSTOMER_EMAIL_ID) VALUES(6, SYSDATE()- INTERVAL 6 DAY, 6, 'CANCELLED', 6, 'james@infosys.com');
INSERT INTO EK_ADVANCE_BOOKING(BOOKING_ID, BOOKING_DATE, BOOKING_QUANTITY, BOOKING_STATUS, COMING_SOON_PRODUCT_ID, CUSTOMER_EMAIL_ID) VALUES(7, SYSDATE()- INTERVAL 7 DAY, 7, 'BOOKED', 7, 'james@infosys.com');
INSERT INTO EK_ADVANCE_BOOKING(BOOKING_ID, BOOKING_DATE, BOOKING_QUANTITY, BOOKING_STATUS, COMING_SOON_PRODUCT_ID, CUSTOMER_EMAIL_ID) VALUES(8, SYSDATE()- INTERVAL 8 DAY, 8, 'CANCELLED', 8, 'james@infosys.com');
INSERT INTO EK_ADVANCE_BOOKING(BOOKING_ID, BOOKING_DATE, BOOKING_QUANTITY, BOOKING_STATUS, COMING_SOON_PRODUCT_ID, CUSTOMER_EMAIL_ID) VALUES(9, SYSDATE()- INTERVAL 9 DAY, 9, 'CANCELLED', 1, 'john@infosys.com');
INSERT INTO EK_ADVANCE_BOOKING(BOOKING_ID, BOOKING_DATE, BOOKING_QUANTITY, BOOKING_STATUS, COMING_SOON_PRODUCT_ID, CUSTOMER_EMAIL_ID) VALUES(10, SYSDATE()- INTERVAL 10 DAY, 10, 'BOOKED', 2, 'john@infosys.com');
INSERT INTO EK_ADVANCE_BOOKING(BOOKING_ID, BOOKING_DATE, BOOKING_QUANTITY, BOOKING_STATUS, COMING_SOON_PRODUCT_ID, CUSTOMER_EMAIL_ID) VALUES(11, SYSDATE()- INTERVAL 11 DAY, 11, 'CANCELLED', 3, 'john@infosys.com');
INSERT INTO EK_ADVANCE_BOOKING(BOOKING_ID, BOOKING_DATE, BOOKING_QUANTITY, BOOKING_STATUS, COMING_SOON_PRODUCT_ID, CUSTOMER_EMAIL_ID) VALUES(12, SYSDATE()- INTERVAL 12 DAY, 12, 'BOOKED', 4, 'john@infosys.com');
INSERT INTO EK_ADVANCE_BOOKING(BOOKING_ID, BOOKING_DATE, BOOKING_QUANTITY, BOOKING_STATUS, COMING_SOON_PRODUCT_ID, CUSTOMER_EMAIL_ID) VALUES(13, SYSDATE()- INTERVAL 13 DAY, 13, 'CANCELLED', 5, 'mariya@infosys.com');
INSERT INTO EK_ADVANCE_BOOKING(BOOKING_ID, BOOKING_DATE, BOOKING_QUANTITY, BOOKING_STATUS, COMING_SOON_PRODUCT_ID, CUSTOMER_EMAIL_ID) VALUES(14, SYSDATE()- INTERVAL 14 DAY, 14, 'BOOKED', 6, 'mariya@infosys.com');
INSERT INTO EK_ADVANCE_BOOKING(BOOKING_ID, BOOKING_DATE, BOOKING_QUANTITY, BOOKING_STATUS, COMING_SOON_PRODUCT_ID, CUSTOMER_EMAIL_ID) VALUES(15, SYSDATE()- INTERVAL 15 DAY, 15, 'CANCELLED', 7, 'mariya@infosys.com');
INSERT INTO EK_ADVANCE_BOOKING(BOOKING_ID, BOOKING_DATE, BOOKING_QUANTITY, BOOKING_STATUS, COMING_SOON_PRODUCT_ID, CUSTOMER_EMAIL_ID) VALUES(16, SYSDATE()- INTERVAL 16 DAY, 16, 'BOOKED', 8, 'mariya@infosys.com');
INSERT INTO EK_ADVANCE_BOOKING(BOOKING_ID, BOOKING_DATE, BOOKING_QUANTITY, BOOKING_STATUS, COMING_SOON_PRODUCT_ID, CUSTOMER_EMAIL_ID) VALUES(17, SYSDATE()- INTERVAL 17 DAY, 17, 'BOOKED', 1, 'punya@infosys.com');
INSERT INTO EK_ADVANCE_BOOKING(BOOKING_ID, BOOKING_DATE, BOOKING_QUANTITY, BOOKING_STATUS, COMING_SOON_PRODUCT_ID, CUSTOMER_EMAIL_ID) VALUES(18, SYSDATE()- INTERVAL 18 DAY, 18, 'CANCELLED', 2, 'punya@infosys.com');
INSERT INTO EK_ADVANCE_BOOKING(BOOKING_ID, BOOKING_DATE, BOOKING_QUANTITY, BOOKING_STATUS, COMING_SOON_PRODUCT_ID, CUSTOMER_EMAIL_ID) VALUES(19, SYSDATE()- INTERVAL 19 DAY, 19, 'BOOKED', 3, 'punya@infosys.com');
INSERT INTO EK_ADVANCE_BOOKING(BOOKING_ID, BOOKING_DATE, BOOKING_QUANTITY, BOOKING_STATUS, COMING_SOON_PRODUCT_ID, CUSTOMER_EMAIL_ID) VALUES(20, SYSDATE()- INTERVAL 20 DAY, 20, 'CANCELLED', 4, 'punya@infosys.com');
INSERT INTO EK_ADVANCE_BOOKING(BOOKING_ID, BOOKING_DATE, BOOKING_QUANTITY, BOOKING_STATUS, COMING_SOON_PRODUCT_ID, CUSTOMER_EMAIL_ID) VALUES(21, SYSDATE()- INTERVAL 21 DAY, 21, 'BOOKED', 5, 'sara@infosys.com');
INSERT INTO EK_ADVANCE_BOOKING(BOOKING_ID, BOOKING_DATE, BOOKING_QUANTITY, BOOKING_STATUS, COMING_SOON_PRODUCT_ID, CUSTOMER_EMAIL_ID) VALUES(22, SYSDATE()- INTERVAL 22 DAY, 22, 'CANCELLED', 6, 'sara@infosys.com');
INSERT INTO EK_ADVANCE_BOOKING(BOOKING_ID, BOOKING_DATE, BOOKING_QUANTITY, BOOKING_STATUS, COMING_SOON_PRODUCT_ID, CUSTOMER_EMAIL_ID) VALUES(23, SYSDATE()- INTERVAL 23 DAY, 23, 'BOOKED', 7, 'sara@infosys.com');
INSERT INTO EK_ADVANCE_BOOKING(BOOKING_ID, BOOKING_DATE, BOOKING_QUANTITY, BOOKING_STATUS, COMING_SOON_PRODUCT_ID, CUSTOMER_EMAIL_ID) VALUES(24, SYSDATE()- INTERVAL 24 DAY, 24, 'CANCELLED', 8, 'sara@infosys.com');
INSERT INTO EK_ADVANCE_BOOKING(BOOKING_ID, BOOKING_DATE, BOOKING_QUANTITY, BOOKING_STATUS, COMING_SOON_PRODUCT_ID, CUSTOMER_EMAIL_ID) VALUES(25, SYSDATE()- INTERVAL 25 DAY, 25, 'CANCELLED', 1, 'steve@infosys.com');
INSERT INTO EK_ADVANCE_BOOKING(BOOKING_ID, BOOKING_DATE, BOOKING_QUANTITY, BOOKING_STATUS, COMING_SOON_PRODUCT_ID, CUSTOMER_EMAIL_ID) VALUES(26, SYSDATE()- INTERVAL 26 DAY, 26, 'BOOKED', 2, 'steve@infosys.com');
INSERT INTO EK_ADVANCE_BOOKING(BOOKING_ID, BOOKING_DATE, BOOKING_QUANTITY, BOOKING_STATUS, COMING_SOON_PRODUCT_ID, CUSTOMER_EMAIL_ID) VALUES(27, SYSDATE()- INTERVAL 27 DAY, 27, 'CANCELLED', 3, 'steve@infosys.com');
INSERT INTO EK_ADVANCE_BOOKING(BOOKING_ID, BOOKING_DATE, BOOKING_QUANTITY, BOOKING_STATUS, COMING_SOON_PRODUCT_ID, CUSTOMER_EMAIL_ID) VALUES(28, SYSDATE()- INTERVAL 28 DAY, 28, 'BOOKED', 4, 'steve@infosys.com');
INSERT INTO EK_ADVANCE_BOOKING(BOOKING_ID, BOOKING_DATE, BOOKING_QUANTITY, BOOKING_STATUS, COMING_SOON_PRODUCT_ID, CUSTOMER_EMAIL_ID) VALUES(29, SYSDATE()- INTERVAL 29 DAY, 29, 'CANCELLED', 5, 'tom@infosys.com');
INSERT INTO EK_ADVANCE_BOOKING(BOOKING_ID, BOOKING_DATE, BOOKING_QUANTITY, BOOKING_STATUS, COMING_SOON_PRODUCT_ID, CUSTOMER_EMAIL_ID) VALUES(30, SYSDATE()- INTERVAL 30 DAY, 30, 'BOOKED', 6, 'tom@infosys.com');
INSERT INTO EK_ADVANCE_BOOKING(BOOKING_ID, BOOKING_DATE, BOOKING_QUANTITY, BOOKING_STATUS, COMING_SOON_PRODUCT_ID, CUSTOMER_EMAIL_ID) VALUES(31, SYSDATE()- INTERVAL 31 DAY, 31, 'CANCELLED', 7, 'tom@infosys.com');
INSERT INTO EK_ADVANCE_BOOKING(BOOKING_ID, BOOKING_DATE, BOOKING_QUANTITY, BOOKING_STATUS, COMING_SOON_PRODUCT_ID, CUSTOMER_EMAIL_ID) VALUES(32, SYSDATE()- INTERVAL 32 DAY, 32, 'BOOKED', 8, 'tom@infosys.com');


commit;


